model,train_size,train_pool_size,test_size,seed,train_time_s,infer_time_s,n_restarts,n_successful_restarts,n_failed_restarts,selected_restart_idx,lbfgs_stop_reason,lbfgs_iterations,final_train_nll,accuracy,brier
"GP+ GPClassifier (RBF, ARD, LBFGS-defaults)",50,500,9500,0,10.273344039916992,0.005999326705932617,16,16,0,0,CONVERGENCE: RELATIVE REDUCTION OF F <= FACTR*EPSMCH,89.0,4.767233848571777,0.7327368421052631,0.21725904547748387
"GP+ GPClassifier (Matern, nu=0.5, ARD, LBFGS-defaults)",50,500,9500,0,7.392998695373535,0.011002063751220703,16,16,0,9,CONVERGENCE: RELATIVE REDUCTION OF F <= FACTR*EPSMCH,51.0,4.856758117675781,0.6258947368421053,0.3208155860912198
"GPyTorch Milios Dirichlet (RBF, ARD, LBFGS-defaults)",50,500,9500,0,10.318310022354126,0.0050013065338134766,16,16,0,9,CONVERGENCE: RELATIVE REDUCTION OF F <= FACTR*EPSMCH,111.0,4.763498306274414,0.6784210526315789,0.25245309562689117
"GP+ GPClassifier (PowerExp, p=learned, LBFGS-defaults)",50,500,9500,0,13.835561513900757,0.04251432418823242,16,16,0,12,CONVERGENCE: RELATIVE REDUCTION OF F <= FACTR*EPSMCH,82.0,4.731197357177734,0.623578947368421,0.31989200438447324
TabPFN Classifier (v2.5 default),50,500,9500,0,0.22719359397888184,3.2258200645446777,1,1,0,0,,,0.2838041060615776,0.6617894736842105,0.20144211637360795
TabPFN Classifier (v2 compatibility),50,500,9500,0,0.1371936798095703,2.9843497276306152,1,1,0,0,,,0.33045482775941587,0.7933684210526316,0.1518748601953363
"GP+ GPClassifier (RBF, ARD, LBFGS-defaults)",100,500,9500,0,12.879593849182129,0.013511180877685547,16,16,0,0,CONVERGENCE: RELATIVE REDUCTION OF F <= FACTR*EPSMCH,94.0,4.788439750671387,0.8111578947368421,0.14878847422780966
"GP+ GPClassifier (Matern, nu=0.5, ARD, LBFGS-defaults)",100,500,9500,0,8.43745493888855,0.014999628067016602,16,16,0,1,ABNORMAL: ,73.0,4.732010364532471,0.8466315789473684,0.11544929487981885
"GPyTorch Milios Dirichlet (RBF, ARD, LBFGS-defaults)",100,500,9500,0,9.973351240158081,0.008557558059692383,16,16,0,10,CONVERGENCE: RELATIVE REDUCTION OF F <= FACTR*EPSMCH,99.0,4.6773481369018555,0.8468421052631578,0.1163170504082677
"GP+ GPClassifier (PowerExp, p=learned, LBFGS-defaults)",100,500,9500,0,15.907212257385254,0.048999786376953125,16,16,0,5,CONVERGENCE: RELATIVE REDUCTION OF F <= FACTR*EPSMCH,116.0,4.721407890319824,0.8347368421052631,0.12656101653205598
TabPFN Classifier (v2.5 default),100,500,9500,0,0.1866908073425293,3.317939519882202,1,1,0,0,,,0.1324942840106911,0.816,0.1279820244700654
TabPFN Classifier (v2 compatibility),100,500,9500,0,0.1407630443572998,3.142749071121216,1,1,0,0,,,0.21257195040705404,0.8191578947368421,0.12432366461277951
"GP+ GPClassifier (RBF, ARD, LBFGS-defaults)",300,500,9500,0,13.7694673538208,0.034607648849487305,16,16,0,0,CONVERGENCE: RELATIVE REDUCTION OF F <= FACTR*EPSMCH,68.0,4.639566421508789,0.8510526315789474,0.11296084668104552
"GP+ GPClassifier (Matern, nu=0.5, ARD, LBFGS-defaults)",300,500,9500,0,9.668137073516846,0.04151272773742676,16,16,0,14,CONVERGENCE: RELATIVE REDUCTION OF F <= FACTR*EPSMCH,36.0,4.533867835998535,0.9016842105263158,0.0700183844584268
"GPyTorch Milios Dirichlet (RBF, ARD, LBFGS-defaults)",300,500,9500,0,25.373451471328735,0.02499985694885254,16,16,0,13,CONVERGENCE: RELATIVE REDUCTION OF F <= FACTR*EPSMCH,162.0,4.484136581420898,0.907157894736842,0.06641175149668416
"GP+ GPClassifier (PowerExp, p=learned, LBFGS-defaults)",300,500,9500,0,39.13769006729126,0.1717538833618164,16,16,0,6,CONVERGENCE: RELATIVE REDUCTION OF F <= FACTR*EPSMCH,69.0,4.571098327636719,0.8838947368421053,0.08401814167832507
TabPFN Classifier (v2.5 default),300,500,9500,0,1.7626051902770996,3.657550096511841,1,1,0,0,,,0.10291975165641569,0.8648421052631579,0.09361386817380148
TabPFN Classifier (v2 compatibility),300,500,9500,0,0.14531397819519043,3.1468253135681152,1,1,0,0,,,0.13657644910611097,0.8776842105263158,0.08633650634842908
"GP+ GPClassifier (RBF, ARD, LBFGS-defaults)",500,500,9500,0,12.508182287216187,0.05676531791687012,16,16,0,0,CONVERGENCE: RELATIVE REDUCTION OF F <= FACTR*EPSMCH,32.0,4.477105140686035,0.8821052631578947,0.08905750223184579
"GP+ GPClassifier (Matern, nu=0.5, ARD, LBFGS-defaults)",500,500,9500,0,18.134525060653687,0.07851409912109375,16,16,0,13,ABNORMAL: ,38.0,4.338336944580078,0.9172631578947369,0.05863867884620761
"GPyTorch Milios Dirichlet (RBF, ARD, LBFGS-defaults)",500,500,9500,0,20.354170083999634,0.045003414154052734,16,16,0,12,CONVERGENCE: RELATIVE REDUCTION OF F <= FACTR*EPSMCH,61.0,4.267352104187012,0.9145263157894736,0.05972297760192678
"GP+ GPClassifier (PowerExp, p=learned, LBFGS-defaults)",500,500,9500,0,97.8576250076294,0.4611992835998535,16,16,0,2,CONVERGENCE: RELATIVE REDUCTION OF F <= FACTR*EPSMCH,71.0,4.40361213684082,0.9024210526315789,0.07003132944799265
TabPFN Classifier (v2.5 default),500,500,9500,0,0.20123863220214844,4.442305326461792,1,1,0,0,,,0.08183319233708901,0.8906315789473684,0.07642736392860158
TabPFN Classifier (v2 compatibility),500,500,9500,0,0.19202208518981934,3.502241373062134,1,1,0,0,,,0.0750688830609265,0.9018947368421053,0.0709885013055756
"GP+ GPClassifier (RBF, ARD, LBFGS-defaults)",50,500,9500,1,12.32978343963623,0.010998964309692383,16,16,0,10,CONVERGENCE: RELATIVE REDUCTION OF F <= FACTR*EPSMCH,100.0,4.676867485046387,0.6687368421052632,0.2598040258146973
"GP+ GPClassifier (Matern, nu=0.5, ARD, LBFGS-defaults)",50,500,9500,1,3.0809664726257324,0.009000778198242188,16,16,0,10,CONVERGENCE: RELATIVE REDUCTION OF F <= FACTR*EPSMCH,38.0,4.887118339538574,0.6428421052631579,0.2770754246982479
"GPyTorch Milios Dirichlet (RBF, ARD, LBFGS-defaults)",50,500,9500,1,8.046973705291748,0.008467435836791992,16,16,0,6,CONVERGENCE: RELATIVE REDUCTION OF F <= FACTR*EPSMCH,151.0,4.692296028137207,0.6394736842105263,0.292597854009053
"GP+ GPClassifier (PowerExp, p=learned, LBFGS-defaults)",50,500,9500,1,8.83083462715149,0.027727603912353516,16,16,0,13,CONVERGENCE: RELATIVE REDUCTION OF F <= FACTR*EPSMCH,110.0,4.691164016723633,0.62,0.32184229613992704
TabPFN Classifier (v2.5 default),50,500,9500,1,0.18446993827819824,3.4430744647979736,1,1,0,0,,,0.34918775204928854,0.7431578947368421,0.17750738978051503
TabPFN Classifier (v2 compatibility),50,500,9500,1,0.16736364364624023,3.038902521133423,1,1,0,0,,,0.37355604021136907,0.7876842105263158,0.15361015019471086
"GP+ GPClassifier (RBF, ARD, LBFGS-defaults)",100,500,9500,1,7.681925296783447,0.009612798690795898,16,12,4,10,CONVERGENCE: RELATIVE REDUCTION OF F <= FACTR*EPSMCH,152.0,4.6401519775390625,0.7254736842105263,0.22050708882586245
"GP+ GPClassifier (Matern, nu=0.5, ARD, LBFGS-defaults)",100,500,9500,1,5.8402931690216064,0.01361536979675293,16,16,0,0,CONVERGENCE: RELATIVE REDUCTION OF F <= FACTR*EPSMCH,46.0,4.6096978187561035,0.784,0.16620255474868031
"GPyTorch Milios Dirichlet (RBF, ARD, LBFGS-defaults)",100,500,9500,1,12.894318342208862,0.010011672973632812,16,16,0,5,ABNORMAL: ,194.0,4.545320987701416,0.7841052631578947,0.16252896375185522
"GP+ GPClassifier (PowerExp, p=learned, LBFGS-defaults)",100,500,9500,1,12.189044713973999,0.05140089988708496,16,16,0,11,CONVERGENCE: RELATIVE REDUCTION OF F <= FACTR*EPSMCH,102.0,4.642997741699219,0.7374736842105263,0.20743233499412567
TabPFN Classifier (v2.5 default),100,500,9500,1,0.17799615859985352,3.6086909770965576,1,1,0,0,,,0.1763415479593064,0.7903157894736842,0.1423643382019156
TabPFN Classifier (v2 compatibility),100,500,9500,1,0.15267729759216309,3.0477700233459473,1,1,0,0,,,0.20423637120389945,0.8048421052631579,0.13208792004916173
"GP+ GPClassifier (RBF, ARD, LBFGS-defaults)",300,500,9500,1,17.342694997787476,0.03918123245239258,16,16,0,13,CONVERGENCE: RELATIVE REDUCTION OF F <= FACTR*EPSMCH,106.0,4.510243892669678,0.8495789473684211,0.11399672606488205
"GP+ GPClassifier (Matern, nu=0.5, ARD, LBFGS-defaults)",300,500,9500,1,8.199779510498047,0.0368349552154541,16,16,0,4,CONVERGENCE: RELATIVE REDUCTION OF F <= FACTR*EPSMCH,30.0,4.427248954772949,0.8882105263157895,0.07963361512552221
"GPyTorch Milios Dirichlet (RBF, ARD, LBFGS-defaults)",300,500,9500,1,9.572879076004028,0.027659893035888672,16,16,0,10,CONVERGENCE: RELATIVE REDUCTION OF F <= FACTR*EPSMCH,58.0,4.3692755699157715,0.8836842105263157,0.08287286632601196
"GP+ GPClassifier (PowerExp, p=learned, LBFGS-defaults)",300,500,9500,1,41.913140296936035,0.16949462890625,16,16,0,2,CONVERGENCE: RELATIVE REDUCTION OF F <= FACTR*EPSMCH,93.0,4.470887184143066,0.8757894736842106,0.09052736861700118
TabPFN Classifier (v2.5 default),300,500,9500,1,1.5849082469940186,3.3071532249450684,1,1,0,0,,,0.11284835623661775,0.8628421052631579,0.09653891354814988
TabPFN Classifier (v2 compatibility),300,500,9500,1,0.13916468620300293,3.0358314514160156,1,1,0,0,,,0.13467929827037092,0.8627368421052631,0.0955804052827396
"GP+ GPClassifier (RBF, ARD, LBFGS-defaults)",500,500,9500,1,21.0435791015625,0.058000802993774414,16,16,0,7,CONVERGENCE: RELATIVE REDUCTION OF F <= FACTR*EPSMCH,83.0,4.4350199699401855,0.8687368421052631,0.09973394104649663
"GP+ GPClassifier (Matern, nu=0.5, ARD, LBFGS-defaults)",500,500,9500,1,12.340771436691284,0.07732224464416504,16,16,0,6,CONVERGENCE: RELATIVE REDUCTION OF F <= FACTR*EPSMCH,24.0,4.30966854095459,0.9102105263157895,0.06430438648060144
"GPyTorch Milios Dirichlet (RBF, ARD, LBFGS-defaults)",500,500,9500,1,27.39849853515625,0.0533449649810791,16,16,0,8,CONVERGENCE: RELATIVE REDUCTION OF F <= FACTR*EPSMCH,97.0,4.24269437789917,0.9036842105263158,0.06823129906360373
"GP+ GPClassifier (PowerExp, p=learned, LBFGS-defaults)",500,500,9500,1,61.6193425655365,0.3966219425201416,16,16,0,1,CONVERGENCE: RELATIVE REDUCTION OF F <= FACTR*EPSMCH,72.0,4.385231971740723,0.8954736842105263,0.07870024028350862
TabPFN Classifier (v2.5 default),500,500,9500,1,0.21536540985107422,3.6424880027770996,1,1,0,0,,,0.074609848224463,0.8956842105263157,0.07551835126017899
TabPFN Classifier (v2 compatibility),500,500,9500,1,0.15355443954467773,3.456085681915283,1,1,0,0,,,0.058639532003048445,0.9021052631578947,0.0691211971136159
"GP+ GPClassifier (RBF, ARD, LBFGS-defaults)",50,500,9500,2,8.085559368133545,0.00814056396484375,16,16,0,5,CONVERGENCE: RELATIVE REDUCTION OF F <= FACTR*EPSMCH,96.0,4.656325340270996,0.7429473684210526,0.20606168628033442
"GP+ GPClassifier (Matern, nu=0.5, ARD, LBFGS-defaults)",50,500,9500,2,2.8713648319244385,0.008185386657714844,16,16,0,9,ABNORMAL: ,61.0,4.72180700302124,0.7876842105263158,0.16021228498723838
"GPyTorch Milios Dirichlet (RBF, ARD, LBFGS-defaults)",50,500,9500,2,8.859373331069946,0.0049932003021240234,16,16,0,10,CONVERGENCE: RELATIVE REDUCTION OF F <= FACTR*EPSMCH,128.0,4.624322891235352,0.7612631578947369,0.18563535082090554
"GP+ GPClassifier (PowerExp, p=learned, LBFGS-defaults)",50,500,9500,2,10.773484230041504,0.03008747100830078,16,16,0,4,CONVERGENCE: RELATIVE REDUCTION OF F <= FACTR*EPSMCH,76.0,4.6562652587890625,0.7429473684210526,0.20601566954578648
TabPFN Classifier (v2.5 default),50,500,9500,2,0.20846271514892578,3.1694703102111816,1,1,0,0,,,0.25265588852906545,0.7629473684210526,0.16121151055061442
TabPFN Classifier (v2 compatibility),50,500,9500,2,0.1372373104095459,2.8662805557250977,1,1,0,0,,,0.30099377615031253,0.7901052631578948,0.14710795875017338
"GP+ GPClassifier (RBF, ARD, LBFGS-defaults)",100,500,9500,2,9.32607102394104,0.014007806777954102,16,16,0,8,CONVERGENCE: RELATIVE REDUCTION OF F <= FACTR*EPSMCH,120.0,4.633693695068359,0.7095789473684211,0.24050375902891927
"GP+ GPClassifier (Matern, nu=0.5, ARD, LBFGS-defaults)",100,500,9500,2,5.36799168586731,0.015062332153320312,16,16,0,3,CONVERGENCE: RELATIVE REDUCTION OF F <= FACTR*EPSMCH,36.0,4.625927925109863,0.8388421052631579,0.11890568406705003
"GPyTorch Milios Dirichlet (RBF, ARD, LBFGS-defaults)",100,500,9500,2,8.275567531585693,0.009001493453979492,16,16,0,0,CONVERGENCE: RELATIVE REDUCTION OF F <= FACTR*EPSMCH,121.0,4.546464443206787,0.832,0.12437723676554283
"GP+ GPClassifier (PowerExp, p=learned, LBFGS-defaults)",100,500,9500,2,10.248735189437866,0.04926252365112305,16,16,0,14,CONVERGENCE: RELATIVE REDUCTION OF F <= FACTR*EPSMCH,128.0,4.509193420410156,0.7023157894736842,0.24573809877688582
TabPFN Classifier (v2.5 default),100,500,9500,2,0.2036588191986084,3.1645355224609375,1,1,0,0,,,0.1509495485175729,0.8088421052631579,0.1303056847542811
TabPFN Classifier (v2 compatibility),100,500,9500,2,0.1486647129058838,2.8088462352752686,1,1,0,0,,,0.24869893302387475,0.8054736842105263,0.13211003621506306
"GP+ GPClassifier (RBF, ARD, LBFGS-defaults)",300,500,9500,2,7.99898099899292,0.029353618621826172,16,16,0,4,CONVERGENCE: RELATIVE REDUCTION OF F <= FACTR*EPSMCH,47.0,4.481480598449707,0.8606315789473684,0.10561236828507155
"GP+ GPClassifier (Matern, nu=0.5, ARD, LBFGS-defaults)",300,500,9500,2,6.693855047225952,0.03973865509033203,16,16,0,1,CONVERGENCE: RELATIVE REDUCTION OF F <= FACTR*EPSMCH,34.0,4.376407623291016,0.8946315789473684,0.07447508309652966
"GPyTorch Milios Dirichlet (RBF, ARD, LBFGS-defaults)",300,500,9500,2,10.534393548965454,0.02592182159423828,16,16,0,11,CONVERGENCE: RELATIVE REDUCTION OF F <= FACTR*EPSMCH,90.0,4.3166351318359375,0.8952631578947369,0.0732428295090085
"GP+ GPClassifier (PowerExp, p=learned, LBFGS-defaults)",300,500,9500,2,29.486311674118042,0.15802383422851562,16,16,0,7,CONVERGENCE: RELATIVE REDUCTION OF F <= FACTR*EPSMCH,57.0,4.461050987243652,0.8827368421052632,0.08714842319045386
TabPFN Classifier (v2.5 default),300,500,9500,2,0.21653294563293457,4.762456655502319,1,1,0,0,,,0.10847948104483791,0.8752631578947369,0.08718408379865492
TabPFN Classifier (v2 compatibility),300,500,9500,2,0.1494607925415039,3.277921438217163,1,1,0,0,,,0.10994724584333805,0.8763157894736842,0.08596127725391431
"GP+ GPClassifier (RBF, ARD, LBFGS-defaults)",500,500,9500,2,16.235483407974243,0.05993485450744629,16,16,0,11,CONVERGENCE: RELATIVE REDUCTION OF F <= FACTR*EPSMCH,59.0,4.51811408996582,0.8763157894736842,0.09299239289834922
"GP+ GPClassifier (Matern, nu=0.5, ARD, LBFGS-defaults)",500,500,9500,2,14.726285696029663,0.0737311840057373,16,16,0,11,CONVERGENCE: RELATIVE REDUCTION OF F <= FACTR*EPSMCH,64.0,4.329024791717529,0.9132631578947369,0.06326897598731285
"GPyTorch Milios Dirichlet (RBF, ARD, LBFGS-defaults)",500,500,9500,2,24.074628591537476,0.048837900161743164,16,16,0,6,ABNORMAL: ,91.0,4.260348320007324,0.91,0.06346826288397804
"GP+ GPClassifier (PowerExp, p=learned, LBFGS-defaults)",500,500,9500,2,80.52667117118835,0.43717455863952637,16,16,0,3,CONVERGENCE: RELATIVE REDUCTION OF F <= FACTR*EPSMCH,88.0,4.400871276855469,0.9028421052631579,0.07152372279341286
TabPFN Classifier (v2.5 default),500,500,9500,2,0.8192813396453857,4.287897825241089,1,1,0,0,,,0.07137155839650412,0.9004210526315789,0.07158946655263877
TabPFN Classifier (v2 compatibility),500,500,9500,2,0.1657733917236328,3.542544364929199,1,1,0,0,,,0.07397229612079462,0.9050526315789473,0.06864695266024824
"GP+ GPClassifier (RBF, ARD, LBFGS-defaults)",50,500,9500,3,13.315309762954712,0.008081436157226562,16,16,0,14,CONVERGENCE: RELATIVE REDUCTION OF F <= FACTR*EPSMCH,194.0,4.424434661865234,0.7077894736842105,0.24305004710716485
"GP+ GPClassifier (Matern, nu=0.5, ARD, LBFGS-defaults)",50,500,9500,3,4.14760684967041,0.008228540420532227,16,16,0,11,CONVERGENCE: RELATIVE REDUCTION OF F <= FACTR*EPSMCH,63.0,4.625852584838867,0.6658947368421053,0.2962351355277717
"GPyTorch Milios Dirichlet (RBF, ARD, LBFGS-defaults)",50,500,9500,3,15.247002840042114,0.005385875701904297,16,16,0,4,CONVERGENCE: RELATIVE REDUCTION OF F <= FACTR*EPSMCH,360.0,4.358957290649414,0.7069473684210527,0.23903717612767728
"GP+ GPClassifier (PowerExp, p=learned, LBFGS-defaults)",50,500,9500,3,11.970820665359497,0.027240991592407227,16,16,0,4,CONVERGENCE: RELATIVE REDUCTION OF F <= FACTR*EPSMCH,126.0,4.424389839172363,0.7072631578947368,0.24309471961426526
TabPFN Classifier (v2.5 default),50,500,9500,3,0.1823279857635498,3.361027240753174,1,1,0,0,,,0.12070881773275804,0.7684210526315789,0.1521910991766163
TabPFN Classifier (v2 compatibility),50,500,9500,3,0.14752697944641113,3.01015043258667,1,1,0,0,,,0.1266573878791342,0.8071578947368421,0.1334000930759971
"GP+ GPClassifier (RBF, ARD, LBFGS-defaults)",100,500,9500,3,9.804697275161743,0.01081085205078125,16,16,0,7,CONVERGENCE: RELATIVE REDUCTION OF F <= FACTR*EPSMCH,111.0,4.407930374145508,0.7270526315789474,0.225179078036376
"GP+ GPClassifier (Matern, nu=0.5, ARD, LBFGS-defaults)",100,500,9500,3,4.959552764892578,0.011489629745483398,16,16,0,13,CONVERGENCE: RELATIVE REDUCTION OF F <= FACTR*EPSMCH,37.0,4.511405944824219,0.7770526315789473,0.172815716126999
"GPyTorch Milios Dirichlet (RBF, ARD, LBFGS-defaults)",100,500,9500,3,7.1230387687683105,0.007009029388427734,16,16,0,10,CONVERGENCE: RELATIVE REDUCTION OF F <= FACTR*EPSMCH,89.0,4.448265075683594,0.8067368421052632,0.14618333230276606
"GP+ GPClassifier (PowerExp, p=learned, LBFGS-defaults)",100,500,9500,3,13.632093906402588,0.050957679748535156,16,16,0,14,CONVERGENCE: RELATIVE REDUCTION OF F <= FACTR*EPSMCH,86.0,4.422788619995117,0.7978947368421052,0.15419001462803925
TabPFN Classifier (v2.5 default),100,500,9500,3,0.17892837524414062,3.1494624614715576,1,1,0,0,,,0.13391546338260688,0.8002105263157895,0.1402170562441365
TabPFN Classifier (v2 compatibility),100,500,9500,3,0.12808966636657715,2.786266803741455,1,1,0,0,,,0.17468954404950002,0.8217894736842105,0.12888299852036542
"GP+ GPClassifier (RBF, ARD, LBFGS-defaults)",300,500,9500,3,5.647443532943726,0.026986360549926758,16,16,0,0,CONVERGENCE: RELATIVE REDUCTION OF F <= FACTR*EPSMCH,34.0,4.449213981628418,0.872,0.09779559254907187
"GP+ GPClassifier (Matern, nu=0.5, ARD, LBFGS-defaults)",300,500,9500,3,8.69622540473938,0.0406651496887207,16,16,0,7,CONVERGENCE: RELATIVE REDUCTION OF F <= FACTR*EPSMCH,35.0,4.326903343200684,0.8906315789473684,0.07717391633680812
"GPyTorch Milios Dirichlet (RBF, ARD, LBFGS-defaults)",300,500,9500,3,19.562466621398926,0.020610809326171875,16,16,0,1,CONVERGENCE: RELATIVE REDUCTION OF F <= FACTR*EPSMCH,153.0,4.266763687133789,0.8921052631578947,0.07656236675206254
"GP+ GPClassifier (PowerExp, p=learned, LBFGS-defaults)",300,500,9500,3,32.573256969451904,0.16704177856445312,16,16,0,14,CONVERGENCE: RELATIVE REDUCTION OF F <= FACTR*EPSMCH,84.0,4.373814582824707,0.8733684210526316,0.09067499274726339
TabPFN Classifier (v2.5 default),300,500,9500,3,0.2189178466796875,3.581984758377075,1,1,0,0,,,0.06821400122402006,0.8643157894736843,0.09459719909444889
TabPFN Classifier (v2 compatibility),300,500,9500,3,0.1516556739807129,3.11422061920166,1,1,0,0,,,0.07401768769494903,0.8642105263157894,0.0922879294658945
"GP+ GPClassifier (RBF, ARD, LBFGS-defaults)",500,500,9500,3,17.749019622802734,0.06206774711608887,16,16,0,9,CONVERGENCE: RELATIVE REDUCTION OF F <= FACTR*EPSMCH,66.0,4.385436534881592,0.8777894736842106,0.09225712344578496
"GP+ GPClassifier (Matern, nu=0.5, ARD, LBFGS-defaults)",500,500,9500,3,16.26765751838684,0.0735468864440918,16,16,0,6,CONVERGENCE: RELATIVE REDUCTION OF F <= FACTR*EPSMCH,63.0,4.2385711669921875,0.9041052631578947,0.06790425133999017
"GPyTorch Milios Dirichlet (RBF, ARD, LBFGS-defaults)",500,500,9500,3,36.23442006111145,0.05651259422302246,16,16,0,7,CONVERGENCE: RELATIVE REDUCTION OF F <= FACTR*EPSMCH,211.0,4.205397605895996,0.908,0.06523070039659241
"GP+ GPClassifier (PowerExp, p=learned, LBFGS-defaults)",500,500,9500,3,78.8397228717804,0.36675047874450684,16,16,0,3,CONVERGENCE: RELATIVE REDUCTION OF F <= FACTR*EPSMCH,61.0,4.283881187438965,0.890421052631579,0.08042957428651003
TabPFN Classifier (v2.5 default),500,500,9500,3,1.355609655380249,4.018148183822632,1,1,0,0,,,0.03346698068418992,0.8868421052631579,0.07845256476384814
TabPFN Classifier (v2 compatibility),500,500,9500,3,0.21576619148254395,3.58882999420166,1,1,0,0,,,0.031200577324269778,0.8916842105263157,0.07527087596588032
"GP+ GPClassifier (RBF, ARD, LBFGS-defaults)",50,500,9500,4,12.83359956741333,0.008999824523925781,16,16,0,1,ABNORMAL: ,112.0,4.473543643951416,0.7806315789473685,0.16879793835638127
"GP+ GPClassifier (Matern, nu=0.5, ARD, LBFGS-defaults)",50,500,9500,4,7.068671703338623,0.00900125503540039,16,16,0,11,CONVERGENCE: RELATIVE REDUCTION OF F <= FACTR*EPSMCH,67.0,4.610632419586182,0.6877894736842105,0.2599640871132019
"GPyTorch Milios Dirichlet (RBF, ARD, LBFGS-defaults)",50,500,9500,4,17.287873029708862,0.006003856658935547,16,16,0,4,CONVERGENCE: RELATIVE REDUCTION OF F <= FACTR*EPSMCH,195.0,4.5177154541015625,0.7685263157894737,0.1693456882203266
"GP+ GPClassifier (PowerExp, p=learned, LBFGS-defaults)",50,500,9500,4,15.43114185333252,0.027006149291992188,16,16,0,14,CONVERGENCE: RELATIVE REDUCTION OF F <= FACTR*EPSMCH,74.0,4.473546028137207,0.7806315789473685,0.16898374347844705
TabPFN Classifier (v2.5 default),50,500,9500,4,0.24247264862060547,3.110628604888916,1,1,0,0,,,0.13024663860980298,0.8182105263157895,0.13047373098240792
TabPFN Classifier (v2 compatibility),50,500,9500,4,0.13751840591430664,2.9720473289489746,1,1,0,0,,,0.18222532815510106,0.8243157894736842,0.12387198949196553
"GP+ GPClassifier (RBF, ARD, LBFGS-defaults)",100,500,9500,4,11.24872875213623,0.012998819351196289,16,16,0,6,CONVERGENCE: RELATIVE REDUCTION OF F <= FACTR*EPSMCH,132.0,4.484313011169434,0.7634736842105263,0.1938928400123253
"GP+ GPClassifier (Matern, nu=0.5, ARD, LBFGS-defaults)",100,500,9500,4,7.77592658996582,0.019999980926513672,16,16,0,2,ABNORMAL: ,57.0,4.509742736816406,0.8274736842105264,0.13286034846947892
"GPyTorch Milios Dirichlet (RBF, ARD, LBFGS-defaults)",100,500,9500,4,13.844176530838013,0.007017850875854492,16,16,0,4,CONVERGENCE: RELATIVE REDUCTION OF F <= FACTR*EPSMCH,161.0,4.452611923217773,0.8232631578947368,0.13480602479792458
"GP+ GPClassifier (PowerExp, p=learned, LBFGS-defaults)",100,500,9500,4,19.11453938484192,0.08920931816101074,16,16,0,3,CONVERGENCE: RELATIVE REDUCTION OF F <= FACTR*EPSMCH,107.0,4.483798027038574,0.765578947368421,0.1918213359464932
TabPFN Classifier (v2.5 default),100,500,9500,4,0.16892433166503906,3.2592289447784424,1,1,0,0,,,0.12266912142509823,0.8221052631578948,0.12484026797780572
TabPFN Classifier (v2 compatibility),100,500,9500,4,0.15456891059875488,2.9857988357543945,1,1,0,0,,,0.14534626196559094,0.8301052631578948,0.11833949661493323
"GP+ GPClassifier (RBF, ARD, LBFGS-defaults)",300,500,9500,4,10.429712772369385,0.028508424758911133,16,16,0,2,CONVERGENCE: RELATIVE REDUCTION OF F <= FACTR*EPSMCH,47.0,4.480735778808594,0.8565263157894737,0.10746592867027248
"GP+ GPClassifier (Matern, nu=0.5, ARD, LBFGS-defaults)",300,500,9500,4,9.976674318313599,0.03754687309265137,16,16,0,6,CONVERGENCE: RELATIVE REDUCTION OF F <= FACTR*EPSMCH,29.0,4.408336639404297,0.9005263157894737,0.06942320109088485
"GPyTorch Milios Dirichlet (RBF, ARD, LBFGS-defaults)",300,500,9500,4,23.549327850341797,0.038999319076538086,16,16,0,7,CONVERGENCE: RELATIVE REDUCTION OF F <= FACTR*EPSMCH,148.0,4.345659255981445,0.9018947368421053,0.07054032732920047
"GP+ GPClassifier (PowerExp, p=learned, LBFGS-defaults)",300,500,9500,4,41.140082359313965,0.15990686416625977,16,16,0,0,CONVERGENCE: RELATIVE REDUCTION OF F <= FACTR*EPSMCH,100.0,4.450129508972168,0.8828421052631579,0.08619295275990706
TabPFN Classifier (v2.5 default),300,500,9500,4,0.22203969955444336,3.606126546859741,1,1,0,0,,,0.08468616055102492,0.8881052631578947,0.07983269868281442
TabPFN Classifier (v2 compatibility),300,500,9500,4,0.14800548553466797,3.357170581817627,1,1,0,0,,,0.06636619883156315,0.8905263157894737,0.07837313846832893
"GP+ GPClassifier (RBF, ARD, LBFGS-defaults)",500,500,9500,4,14.429587125778198,0.05319404602050781,16,16,0,6,CONVERGENCE: RELATIVE REDUCTION OF F <= FACTR*EPSMCH,37.0,4.323424339294434,0.8751578947368421,0.094998458932689
"GP+ GPClassifier (Matern, nu=0.5, ARD, LBFGS-defaults)",500,500,9500,4,16.2719407081604,0.07888960838317871,16,16,0,8,CONVERGENCE: RELATIVE REDUCTION OF F <= FACTR*EPSMCH,32.0,4.235645771026611,0.9106315789473685,0.06510266990014096
"GPyTorch Milios Dirichlet (RBF, ARD, LBFGS-defaults)",500,500,9500,4,22.638399362564087,0.05099844932556152,16,16,0,11,CONVERGENCE: RELATIVE REDUCTION OF F <= FACTR*EPSMCH,78.0,4.19297981262207,0.9048421052631579,0.06874732604184665
"GP+ GPClassifier (PowerExp, p=learned, LBFGS-defaults)",500,500,9500,4,87.51640272140503,0.2422502040863037,16,16,0,2,CONVERGENCE: RELATIVE REDUCTION OF F <= FACTR*EPSMCH,63.0,4.29356575012207,0.8902105263157895,0.08136290369781338
TabPFN Classifier (v2.5 default),500,500,9500,4,1.1577308177947998,3.664977550506592,1,1,0,0,,,0.05656672205273127,0.8962105263157895,0.07270436460722714
TabPFN Classifier (v2 compatibility),500,500,9500,4,0.15387606620788574,3.7808048725128174,1,1,0,0,,,0.051345920238847,0.9004210526315789,0.07053238450758624
"GP+ GPClassifier (RBF, ARD, LBFGS-defaults)",50,500,9500,5,12.294807195663452,0.010999441146850586,16,16,0,9,CONVERGENCE: RELATIVE REDUCTION OF F <= FACTR*EPSMCH,112.0,4.636743068695068,0.7102105263157895,0.2452918304008183
"GP+ GPClassifier (Matern, nu=0.5, ARD, LBFGS-defaults)",50,500,9500,5,7.182833194732666,0.010000944137573242,16,16,0,4,CONVERGENCE: RELATIVE REDUCTION OF F <= FACTR*EPSMCH,59.0,4.823489189147949,0.7317894736842105,0.2168195657914375
"GPyTorch Milios Dirichlet (RBF, ARD, LBFGS-defaults)",50,500,9500,5,7.424018859863281,0.0050013065338134766,16,14,2,11,CONVERGENCE: RELATIVE REDUCTION OF F <= FACTR*EPSMCH,117.0,4.7236785888671875,0.7167368421052631,0.2297506246003439
"GP+ GPClassifier (PowerExp, p=learned, LBFGS-defaults)",50,500,9500,5,11.56721019744873,0.03499770164489746,16,16,0,6,CONVERGENCE: RELATIVE REDUCTION OF F <= FACTR*EPSMCH,86.0,4.636695861816406,0.7109473684210527,0.245110271941835
TabPFN Classifier (v2.5 default),50,500,9500,5,0.1661388874053955,3.339508295059204,1,1,0,0,,,0.3637605844270682,0.7252631578947368,0.17899841891043985
TabPFN Classifier (v2 compatibility),50,500,9500,5,0.15183424949645996,2.883519411087036,1,1,0,0,,,0.40269247274160164,0.7905263157894736,0.15071148639574183
"GP+ GPClassifier (RBF, ARD, LBFGS-defaults)",100,500,9500,5,9.386719703674316,0.010000467300415039,16,16,0,1,CONVERGENCE: RELATIVE REDUCTION OF F <= FACTR*EPSMCH,81.0,4.588323593139648,0.7492631578947369,0.20545735362107498
"GP+ GPClassifier (Matern, nu=0.5, ARD, LBFGS-defaults)",100,500,9500,5,9.884387969970703,0.017005443572998047,16,16,0,8,CONVERGENCE: RELATIVE REDUCTION OF F <= FACTR*EPSMCH,44.0,4.5939040184021,0.7758947368421053,0.1796168287242905
"GPyTorch Milios Dirichlet (RBF, ARD, LBFGS-defaults)",100,500,9500,5,16.042500019073486,0.007006645202636719,16,16,0,14,CONVERGENCE: RELATIVE REDUCTION OF F <= FACTR*EPSMCH,178.0,4.496865272521973,0.79,0.16586058080555197
"GP+ GPClassifier (PowerExp, p=learned, LBFGS-defaults)",100,500,9500,5,19.12727665901184,0.05052351951599121,16,16,0,0,CONVERGENCE: RELATIVE REDUCTION OF F <= FACTR*EPSMCH,80.0,4.587863445281982,0.7661052631578947,0.19468422658961027
TabPFN Classifier (v2.5 default),100,500,9500,5,0.1535482406616211,3.6195969581604004,1,1,0,0,,,0.19009015647977415,0.7865263157894736,0.14309833531954178
TabPFN Classifier (v2 compatibility),100,500,9500,5,0.1832137107849121,3.1713976860046387,1,1,0,0,,,0.24770269150335242,0.8086315789473684,0.13122657539957852
"GP+ GPClassifier (RBF, ARD, LBFGS-defaults)",300,500,9500,5,18.247838973999023,0.03751873970031738,16,16,0,5,CONVERGENCE: RELATIVE REDUCTION OF F <= FACTR*EPSMCH,133.0,4.612265586853027,0.867578947368421,0.09768855840458761
"GP+ GPClassifier (Matern, nu=0.5, ARD, LBFGS-defaults)",300,500,9500,5,11.663732767105103,0.04208087921142578,16,16,0,4,ABNORMAL: ,39.0,4.500802516937256,0.9057894736842105,0.06836113192638882
"GPyTorch Milios Dirichlet (RBF, ARD, LBFGS-defaults)",300,500,9500,5,19.187735080718994,0.026999473571777344,16,16,0,3,ABNORMAL: ,137.0,4.444659233093262,0.8994736842105263,0.0723196795317746
"GP+ GPClassifier (PowerExp, p=learned, LBFGS-defaults)",300,500,9500,5,42.13891005516052,0.1827530860900879,16,16,0,0,CONVERGENCE: RELATIVE REDUCTION OF F <= FACTR*EPSMCH,89.0,4.50838565826416,0.884,0.08555834838640831
TabPFN Classifier (v2.5 default),300,500,9500,5,0.1780102252960205,3.4659886360168457,1,1,0,0,,,0.143770783829695,0.8694736842105263,0.09131008292959933
TabPFN Classifier (v2 compatibility),300,500,9500,5,0.1274709701538086,3.3391683101654053,1,1,0,0,,,0.15694283931189512,0.8698947368421053,0.09043086573579145
"GP+ GPClassifier (RBF, ARD, LBFGS-defaults)",500,500,9500,5,23.8219096660614,0.05399942398071289,16,16,0,1,CONVERGENCE: RELATIVE REDUCTION OF F <= FACTR*EPSMCH,76.0,4.440217971801758,0.872421052631579,0.0953940728131312
"GP+ GPClassifier (Matern, nu=0.5, ARD, LBFGS-defaults)",500,500,9500,5,16.400963306427002,0.0883340835571289,16,16,0,8,CONVERGENCE: RELATIVE REDUCTION OF F <= FACTR*EPSMCH,27.0,4.284499168395996,0.9084210526315789,0.06580912530104666
"GPyTorch Milios Dirichlet (RBF, ARD, LBFGS-defaults)",500,500,9500,5,24.51124143600464,0.06452703475952148,16,16,0,12,CONVERGENCE: RELATIVE REDUCTION OF F <= FACTR*EPSMCH,96.0,4.227900505065918,0.9089473684210526,0.06489148197571437
"GP+ GPClassifier (PowerExp, p=learned, LBFGS-defaults)",500,500,9500,5,87.6268994808197,0.4216315746307373,16,16,0,15,CONVERGENCE: RELATIVE REDUCTION OF F <= FACTR*EPSMCH,78.0,4.344240188598633,0.8930526315789473,0.07773808939544989
TabPFN Classifier (v2.5 default),500,500,9500,5,1.3030250072479248,3.8090412616729736,1,1,0,0,,,0.08549875060785138,0.8863157894736842,0.07820777620812554
TabPFN Classifier (v2 compatibility),500,500,9500,5,0.15404009819030762,3.838423252105713,1,1,0,0,,,0.07301046356082525,0.8952631578947369,0.07294035762240696
"GP+ GPClassifier (RBF, ARD, LBFGS-defaults)",50,500,9500,6,10.736558437347412,0.0070002079010009766,16,16,0,7,CONVERGENCE: RELATIVE REDUCTION OF F <= FACTR*EPSMCH,138.0,4.552873611450195,0.6329473684210526,0.3102876506025494
"GP+ GPClassifier (Matern, nu=0.5, ARD, LBFGS-defaults)",50,500,9500,6,3.2750561237335205,0.009508848190307617,16,16,0,3,CONVERGENCE: RELATIVE REDUCTION OF F <= FACTR*EPSMCH,17.0,5.137272834777832,0.638,0.28192215297376355
"GPyTorch Milios Dirichlet (RBF, ARD, LBFGS-defaults)",50,500,9500,6,8.885250568389893,0.005125284194946289,16,16,0,7,CONVERGENCE: RELATIVE REDUCTION OF F <= FACTR*EPSMCH,134.0,4.653666973114014,0.6497894736842105,0.28600972616385295
"GP+ GPClassifier (PowerExp, p=learned, LBFGS-defaults)",50,500,9500,6,16.20270085334778,0.029999732971191406,16,16,0,6,CONVERGENCE: RELATIVE REDUCTION OF F <= FACTR*EPSMCH,114.0,4.552297592163086,0.6361052631578947,0.30814767547123395
TabPFN Classifier (v2.5 default),50,500,9500,6,0.16902709007263184,3.225743293762207,1,1,0,0,,,0.40679973788640345,0.7014736842105264,0.19351645841287626
TabPFN Classifier (v2 compatibility),50,500,9500,6,0.15602731704711914,2.93827486038208,1,1,0,0,,,0.36879073125865985,0.7850526315789473,0.16755864923572442
"GP+ GPClassifier (RBF, ARD, LBFGS-defaults)",100,500,9500,6,17.388039112091064,0.010002613067626953,16,16,0,5,CONVERGENCE: RELATIVE REDUCTION OF F <= FACTR*EPSMCH,233.0,4.481639862060547,0.7442105263157894,0.21046563465288662
"GP+ GPClassifier (Matern, nu=0.5, ARD, LBFGS-defaults)",100,500,9500,6,12.957685232162476,0.013000965118408203,16,16,0,13,ABNORMAL: ,107.0,4.541033744812012,0.7796842105263158,0.17270017191203313
"GPyTorch Milios Dirichlet (RBF, ARD, LBFGS-defaults)",100,500,9500,6,17.612363815307617,0.009001493453979492,16,16,0,14,CONVERGENCE: RELATIVE REDUCTION OF F <= FACTR*EPSMCH,208.0,4.443632125854492,0.7824210526315789,0.1712101179172004
"GP+ GPClassifier (PowerExp, p=learned, LBFGS-defaults)",100,500,9500,6,18.38422656059265,0.06800103187561035,16,16,0,10,CONVERGENCE: RELATIVE REDUCTION OF F <= FACTR*EPSMCH,90.0,4.481592178344727,0.7443157894736843,0.21050968998615416
TabPFN Classifier (v2.5 default),100,500,9500,6,0.2041764259338379,3.2031688690185547,1,1,0,0,,,0.10359284938358299,0.7781052631578947,0.15480885717015377
TabPFN Classifier (v2 compatibility),100,500,9500,6,0.12450551986694336,3.284275531768799,1,1,0,0,,,0.1028160207166431,0.7971578947368421,0.1386995332413592
"GP+ GPClassifier (RBF, ARD, LBFGS-defaults)",300,500,9500,6,25.252835988998413,0.0605158805847168,16,16,0,13,CONVERGENCE: RELATIVE REDUCTION OF F <= FACTR*EPSMCH,143.0,4.449617385864258,0.8529473684210527,0.10858573484989283
"GP+ GPClassifier (Matern, nu=0.5, ARD, LBFGS-defaults)",300,500,9500,6,10.623123407363892,0.03629803657531738,16,16,0,3,CONVERGENCE: RELATIVE REDUCTION OF F <= FACTR*EPSMCH,31.0,4.389490127563477,0.8877894736842106,0.08052344839372047
"GPyTorch Milios Dirichlet (RBF, ARD, LBFGS-defaults)",300,500,9500,6,13.24678349494934,0.021993637084960938,16,16,0,9,CONVERGENCE: RELATIVE REDUCTION OF F <= FACTR*EPSMCH,71.0,4.356895446777344,0.8881052631578947,0.08127606249957094
"GP+ GPClassifier (PowerExp, p=learned, LBFGS-defaults)",300,500,9500,6,45.68664598464966,0.16201996803283691,16,16,0,2,CONVERGENCE: RELATIVE REDUCTION OF F <= FACTR*EPSMCH,102.0,4.432216644287109,0.8752631578947369,0.09212353607989691
TabPFN Classifier (v2.5 default),300,500,9500,6,0.20345044136047363,3.2566609382629395,1,1,0,0,,,0.10467712766638539,0.8781052631578947,0.08653008680848155
TabPFN Classifier (v2 compatibility),300,500,9500,6,0.16471338272094727,3.0682127475738525,1,1,0,0,,,0.08705423163956255,0.8817894736842106,0.08277188861498787
"GP+ GPClassifier (RBF, ARD, LBFGS-defaults)",500,500,9500,6,15.056208372116089,0.055324554443359375,16,16,0,2,CONVERGENCE: RELATIVE REDUCTION OF F <= FACTR*EPSMCH,47.0,4.325783729553223,0.8669473684210526,0.09746337863213159
"GP+ GPClassifier (Matern, nu=0.5, ARD, LBFGS-defaults)",500,500,9500,6,14.066106081008911,0.0728158950805664,16,16,0,13,CONVERGENCE: RELATIVE REDUCTION OF F <= FACTR*EPSMCH,30.0,4.244245529174805,0.9047368421052632,0.0693269215134059
"GPyTorch Milios Dirichlet (RBF, ARD, LBFGS-defaults)",500,500,9500,6,14.660680532455444,0.04550290107727051,16,16,0,7,CONVERGENCE: RELATIVE REDUCTION OF F <= FACTR*EPSMCH,60.0,4.207968711853027,0.9012631578947369,0.06910134800143951
"GP+ GPClassifier (PowerExp, p=learned, LBFGS-defaults)",500,500,9500,6,82.23306894302368,0.2677731513977051,16,16,0,3,CONVERGENCE: RELATIVE REDUCTION OF F <= FACTR*EPSMCH,74.0,4.289984226226807,0.8923157894736842,0.07997228414088116
TabPFN Classifier (v2.5 default),500,500,9500,6,1.5115933418273926,3.584437131881714,1,1,0,0,,,0.05904650542560473,0.8936842105263157,0.07539388979873882
TabPFN Classifier (v2 compatibility),500,500,9500,6,0.15177440643310547,3.400576591491699,1,1,0,0,,,0.0391044184613551,0.9006315789473684,0.07097915377216232
"GP+ GPClassifier (RBF, ARD, LBFGS-defaults)",50,500,9500,7,18.37998652458191,0.006585597991943359,16,16,0,3,CONVERGENCE: RELATIVE REDUCTION OF F <= FACTR*EPSMCH,217.0,4.272867679595947,0.6801052631578948,0.28329515471882544
"GP+ GPClassifier (Matern, nu=0.5, ARD, LBFGS-defaults)",50,500,9500,7,5.1418468952178955,0.00794672966003418,16,16,0,2,CONVERGENCE: RELATIVE REDUCTION OF F <= FACTR*EPSMCH,47.0,4.359404563903809,0.7185263157894737,0.23724272581067885
"GPyTorch Milios Dirichlet (RBF, ARD, LBFGS-defaults)",50,500,9500,7,15.941465377807617,0.0045053958892822266,16,16,0,12,CONVERGENCE: RELATIVE REDUCTION OF F <= FACTR*EPSMCH,224.0,4.301044464111328,0.7454736842105263,0.2044982600120229
"GP+ GPClassifier (PowerExp, p=learned, LBFGS-defaults)",50,500,9500,7,13.89905071258545,0.027451038360595703,16,16,0,13,CONVERGENCE: RELATIVE REDUCTION OF F <= FACTR*EPSMCH,115.0,4.272975921630859,0.6798947368421052,0.2836522183222741
TabPFN Classifier (v2.5 default),50,500,9500,7,0.15224361419677734,3.0508310794830322,1,1,0,0,,,0.10412755252511749,0.7608421052631579,0.16383746125076365
TabPFN Classifier (v2 compatibility),50,500,9500,7,0.13976788520812988,2.7256243228912354,1,1,0,0,,,0.11394265727754424,0.7884210526315789,0.1462177606106414
"GP+ GPClassifier (RBF, ARD, LBFGS-defaults)",100,500,9500,7,11.670742273330688,0.009001970291137695,16,16,0,15,CONVERGENCE: RELATIVE REDUCTION OF F <= FACTR*EPSMCH,96.0,4.4122161865234375,0.7852631578947369,0.17408021155250944
"GP+ GPClassifier (Matern, nu=0.5, ARD, LBFGS-defaults)",100,500,9500,7,6.42435359954834,0.014508247375488281,16,16,0,11,CONVERGENCE: RELATIVE REDUCTION OF F <= FACTR*EPSMCH,46.0,4.381757736206055,0.8044210526315789,0.15230846721976232
"GPyTorch Milios Dirichlet (RBF, ARD, LBFGS-defaults)",100,500,9500,7,11.986821413040161,0.007004261016845703,16,16,0,5,CONVERGENCE: RELATIVE REDUCTION OF F <= FACTR*EPSMCH,183.0,4.274904251098633,0.7978947368421052,0.15448629246776094
"GP+ GPClassifier (PowerExp, p=learned, LBFGS-defaults)",100,500,9500,7,12.955657482147217,0.05356860160827637,16,16,0,7,CONVERGENCE: RELATIVE REDUCTION OF F <= FACTR*EPSMCH,69.0,4.412001609802246,0.785578947368421,0.17382641274953325
TabPFN Classifier (v2.5 default),100,500,9500,7,0.20521879196166992,3.109074592590332,1,1,0,0,,,0.09209798634820959,0.8014736842105263,0.13673062120035057
TabPFN Classifier (v2 compatibility),100,500,9500,7,0.15176820755004883,2.8438608646392822,1,1,0,0,,,0.10935843879519844,0.8127368421052632,0.133800139250919
"GP+ GPClassifier (RBF, ARD, LBFGS-defaults)",300,500,9500,7,12.373819828033447,0.03088545799255371,16,16,0,6,CONVERGENCE: RELATIVE REDUCTION OF F <= FACTR*EPSMCH,70.0,4.359104633331299,0.8572631578947368,0.10899763458568654
"GP+ GPClassifier (Matern, nu=0.5, ARD, LBFGS-defaults)",300,500,9500,7,8.896666288375854,0.0378570556640625,16,16,0,7,CONVERGENCE: RELATIVE REDUCTION OF F <= FACTR*EPSMCH,41.0,4.23175573348999,0.8845263157894737,0.08484496880094246
"GPyTorch Milios Dirichlet (RBF, ARD, LBFGS-defaults)",300,500,9500,7,12.671550035476685,0.024367570877075195,16,16,0,11,ABNORMAL: ,84.0,4.1687211990356445,0.8823157894736842,0.0844318862845626
"GP+ GPClassifier (PowerExp, p=learned, LBFGS-defaults)",300,500,9500,7,38.58798003196716,0.15453505516052246,16,16,0,0,CONVERGENCE: RELATIVE REDUCTION OF F <= FACTR*EPSMCH,74.0,4.26302433013916,0.8729473684210526,0.09478236828552182
TabPFN Classifier (v2.5 default),300,500,9500,7,0.19440102577209473,3.335923433303833,1,1,0,0,,,0.0714828894655066,0.8642105263157894,0.09544082714157617
TabPFN Classifier (v2 compatibility),300,500,9500,7,0.153001070022583,3.342735767364502,1,1,0,0,,,0.07431651515444043,0.8601052631578947,0.09984887032628938
"GP+ GPClassifier (RBF, ARD, LBFGS-defaults)",500,500,9500,7,27.777585744857788,0.0574955940246582,16,16,0,9,CONVERGENCE: RELATIVE REDUCTION OF F <= FACTR*EPSMCH,115.0,4.344841003417969,0.8561052631578947,0.10898048218791236
"GP+ GPClassifier (Matern, nu=0.5, ARD, LBFGS-defaults)",500,500,9500,7,13.619029998779297,0.06897306442260742,16,16,0,11,CONVERGENCE: RELATIVE REDUCTION OF F <= FACTR*EPSMCH,29.0,4.208717346191406,0.8962105263157895,0.07410071142146911
"GPyTorch Milios Dirichlet (RBF, ARD, LBFGS-defaults)",500,500,9500,7,21.118799448013306,0.04741787910461426,16,16,0,2,CONVERGENCE: RELATIVE REDUCTION OF F <= FACTR*EPSMCH,77.0,4.157918930053711,0.8956842105263157,0.0738495708468303
"GP+ GPClassifier (PowerExp, p=learned, LBFGS-defaults)",500,500,9500,7,84.98233199119568,0.24674630165100098,16,16,0,4,CONVERGENCE: RELATIVE REDUCTION OF F <= FACTR*EPSMCH,90.0,4.27935791015625,0.8753684210526316,0.09098420184338725
TabPFN Classifier (v2.5 default),500,500,9500,7,0.8538415431976318,3.6057236194610596,1,1,0,0,,,0.06957404375489698,0.8852631578947369,0.07990488981345455
TabPFN Classifier (v2 compatibility),500,500,9500,7,0.1702895164489746,3.462737798690796,1,1,0,0,,,0.0567463019300695,0.8923157894736842,0.07695842225571098
"GP+ GPClassifier (RBF, ARD, LBFGS-defaults)",50,500,9500,8,10.888782501220703,0.009999275207519531,16,16,0,6,CONVERGENCE: RELATIVE REDUCTION OF F <= FACTR*EPSMCH,162.0,4.6477460861206055,0.696,0.25855079688377086
"GP+ GPClassifier (Matern, nu=0.5, ARD, LBFGS-defaults)",50,500,9500,8,4.02717137336731,0.009130477905273438,16,16,0,11,CONVERGENCE: RELATIVE REDUCTION OF F <= FACTR*EPSMCH,52.0,4.698320388793945,0.7041052631578948,0.23953454937114768
"GPyTorch Milios Dirichlet (RBF, ARD, LBFGS-defaults)",50,500,9500,8,15.437246561050415,0.004998445510864258,16,16,0,6,CONVERGENCE: RELATIVE REDUCTION OF F <= FACTR*EPSMCH,175.0,4.504886627197266,0.7146315789473684,0.23003411528999204
"GP+ GPClassifier (PowerExp, p=learned, LBFGS-defaults)",50,500,9500,8,11.155804634094238,0.026859521865844727,16,16,0,1,CONVERGENCE: RELATIVE REDUCTION OF F <= FACTR*EPSMCH,78.0,4.629613876342773,0.7081052631578947,0.24372534925301184
TabPFN Classifier (v2.5 default),50,500,9500,8,0.17583179473876953,3.1109838485717773,1,1,0,0,,,0.18791731669756587,0.7377894736842106,0.17307962082001593
TabPFN Classifier (v2 compatibility),50,500,9500,8,0.1678011417388916,2.85509991645813,1,1,0,0,,,0.24738069286457698,0.7742105263157895,0.1525168082767638
"GP+ GPClassifier (RBF, ARD, LBFGS-defaults)",100,500,9500,8,12.617443561553955,0.011123418807983398,16,16,0,15,CONVERGENCE: RELATIVE REDUCTION OF F <= FACTR*EPSMCH,136.0,4.693060874938965,0.8141052631578948,0.14366550919905177
"GP+ GPClassifier (Matern, nu=0.5, ARD, LBFGS-defaults)",100,500,9500,8,6.063969373703003,0.01282358169555664,16,16,0,4,CONVERGENCE: RELATIVE REDUCTION OF F <= FACTR*EPSMCH,31.0,4.673953533172607,0.8329473684210527,0.1261142879964628
"GPyTorch Milios Dirichlet (RBF, ARD, LBFGS-defaults)",100,500,9500,8,5.616459846496582,0.008255958557128906,16,16,0,10,CONVERGENCE: RELATIVE REDUCTION OF F <= FACTR*EPSMCH,52.0,4.598526954650879,0.8353684210526315,0.12596627330266916
"GP+ GPClassifier (PowerExp, p=learned, LBFGS-defaults)",100,500,9500,8,12.313876867294312,0.06312012672424316,16,16,0,5,CONVERGENCE: RELATIVE REDUCTION OF F <= FACTR*EPSMCH,87.0,4.703365325927734,0.8309473684210527,0.1262214760735937
TabPFN Classifier (v2.5 default),100,500,9500,8,0.1888415813446045,3.115412712097168,1,1,0,0,,,0.20518779446848104,0.8173684210526316,0.12732248146064687
TabPFN Classifier (v2 compatibility),100,500,9500,8,0.14562773704528809,2.812223434448242,1,1,0,0,,,0.2534521632759891,0.8226315789473684,0.12359517313751558
"GP+ GPClassifier (RBF, ARD, LBFGS-defaults)",300,500,9500,8,13.781105279922485,0.032867431640625,16,16,0,1,CONVERGENCE: RELATIVE REDUCTION OF F <= FACTR*EPSMCH,98.0,4.5174102783203125,0.8370526315789474,0.12452098255440791
"GP+ GPClassifier (Matern, nu=0.5, ARD, LBFGS-defaults)",300,500,9500,8,8.497193813323975,0.04072213172912598,16,16,0,14,CONVERGENCE: RELATIVE REDUCTION OF F <= FACTR*EPSMCH,31.0,4.4276299476623535,0.8991578947368422,0.07124195458380855
"GPyTorch Milios Dirichlet (RBF, ARD, LBFGS-defaults)",300,500,9500,8,11.161520719528198,0.024275541305541992,16,16,0,4,ABNORMAL: ,65.0,4.378552436828613,0.8922105263157895,0.07599355304541103
"GP+ GPClassifier (PowerExp, p=learned, LBFGS-defaults)",300,500,9500,8,36.06592607498169,0.14404034614562988,16,16,0,7,CONVERGENCE: RELATIVE REDUCTION OF F <= FACTR*EPSMCH,83.0,4.467002868652344,0.879578947368421,0.08836153465622781
TabPFN Classifier (v2.5 default),300,500,9500,8,0.2089405059814453,3.3312625885009766,1,1,0,0,,,0.12821197950943264,0.8622105263157894,0.09490985173183406
TabPFN Classifier (v2 compatibility),300,500,9500,8,0.13413429260253906,3.2073276042938232,1,1,0,0,,,0.11782009743147871,0.8621052631578947,0.09507618397063686
"GP+ GPClassifier (RBF, ARD, LBFGS-defaults)",500,500,9500,8,21.845240354537964,0.05810070037841797,16,16,0,14,CONVERGENCE: RELATIVE REDUCTION OF F <= FACTR*EPSMCH,88.0,4.377943992614746,0.8685263157894737,0.09907689567532431
"GP+ GPClassifier (Matern, nu=0.5, ARD, LBFGS-defaults)",500,500,9500,8,15.845039129257202,0.07242035865783691,16,16,0,4,ABNORMAL: ,28.0,4.266839981079102,0.9109473684210526,0.06431591345514255
"GPyTorch Milios Dirichlet (RBF, ARD, LBFGS-defaults)",500,500,9500,8,19.779032707214355,0.04425215721130371,16,16,0,5,CONVERGENCE: RELATIVE REDUCTION OF F <= FACTR*EPSMCH,76.0,4.223966121673584,0.9101052631578948,0.06367257046280908
"GP+ GPClassifier (PowerExp, p=learned, LBFGS-defaults)",500,500,9500,8,85.1112208366394,0.2782480716705322,16,16,0,1,CONVERGENCE: RELATIVE REDUCTION OF F <= FACTR*EPSMCH,86.0,4.310792446136475,0.8951578947368422,0.07761939604679613
TabPFN Classifier (v2.5 default),500,500,9500,8,0.9984569549560547,3.5867269039154053,1,1,0,0,,,0.06401727388963047,0.8987368421052632,0.07227352096165587
TabPFN Classifier (v2 compatibility),500,500,9500,8,0.16815805435180664,3.5813019275665283,1,1,0,0,,,0.03392788554167576,0.9052631578947369,0.06692492480009513
"GP+ GPClassifier (RBF, ARD, LBFGS-defaults)",50,500,9500,9,15.257512092590332,0.012497425079345703,16,16,0,1,CONVERGENCE: RELATIVE REDUCTION OF F <= FACTR*EPSMCH,160.0,4.6732025146484375,0.6917894736842105,0.25503541591364015
"GP+ GPClassifier (Matern, nu=0.5, ARD, LBFGS-defaults)",50,500,9500,9,3.3763792514801025,0.008838176727294922,16,16,0,10,CONVERGENCE: RELATIVE REDUCTION OF F <= FACTR*EPSMCH,41.0,4.76741361618042,0.6853684210526316,0.26028549214292396
"GPyTorch Milios Dirichlet (RBF, ARD, LBFGS-defaults)",50,500,9500,9,10.85530948638916,0.005999326705932617,16,15,1,4,CONVERGENCE: RELATIVE REDUCTION OF F <= FACTR*EPSMCH,105.0,4.635414123535156,0.6993684210526315,0.2455862208117648
"GP+ GPClassifier (PowerExp, p=learned, LBFGS-defaults)",50,500,9500,9,13.884434461593628,0.026413440704345703,16,16,0,5,CONVERGENCE: RELATIVE REDUCTION OF F <= FACTR*EPSMCH,89.0,4.545534133911133,0.6346315789473684,0.3171488282375266
TabPFN Classifier (v2.5 default),50,500,9500,9,0.16759562492370605,3.041186809539795,1,1,0,0,,,0.20812475845222816,0.7036842105263158,0.19310202947944619
TabPFN Classifier (v2 compatibility),50,500,9500,9,0.1383225917816162,3.035611867904663,1,1,0,0,,,0.2758057751405021,0.7183157894736842,0.17442549957117157
"GP+ GPClassifier (RBF, ARD, LBFGS-defaults)",100,500,9500,9,9.469876766204834,0.010772705078125,16,16,0,4,CONVERGENCE: RELATIVE REDUCTION OF F <= FACTR*EPSMCH,105.0,4.57746696472168,0.7378947368421053,0.21753495379193172
"GP+ GPClassifier (Matern, nu=0.5, ARD, LBFGS-defaults)",100,500,9500,9,7.06547737121582,0.01352834701538086,16,16,0,7,CONVERGENCE: RELATIVE REDUCTION OF F <= FACTR*EPSMCH,42.0,4.6693902015686035,0.7724210526315789,0.17672036594166796
"GPyTorch Milios Dirichlet (RBF, ARD, LBFGS-defaults)",100,500,9500,9,13.002042055130005,0.007999897003173828,16,16,0,8,CONVERGENCE: RELATIVE REDUCTION OF F <= FACTR*EPSMCH,135.0,4.584211349487305,0.8072631578947368,0.14314629965009598
"GP+ GPClassifier (PowerExp, p=learned, LBFGS-defaults)",100,500,9500,9,14.555655717849731,0.0474240779876709,16,16,0,10,CONVERGENCE: RELATIVE REDUCTION OF F <= FACTR*EPSMCH,95.0,4.577220439910889,0.7396842105263158,0.21579736284231762
TabPFN Classifier (v2.5 default),100,500,9500,9,0.16575384140014648,3.157573938369751,1,1,0,0,,,0.17230417587363828,0.7946315789473685,0.13955096878557918
TabPFN Classifier (v2 compatibility),100,500,9500,9,0.13351917266845703,2.748004674911499,1,1,0,0,,,0.19814511067911858,0.8303157894736842,0.12344615664130808
"GP+ GPClassifier (RBF, ARD, LBFGS-defaults)",300,500,9500,9,16.18433380126953,0.028681039810180664,16,16,0,0,CONVERGENCE: RELATIVE REDUCTION OF F <= FACTR*EPSMCH,93.0,4.598395347595215,0.826,0.13104603846469634
"GP+ GPClassifier (Matern, nu=0.5, ARD, LBFGS-defaults)",300,500,9500,9,8.61203384399414,0.03508496284484863,16,16,0,15,ABNORMAL: ,32.0,4.460470199584961,0.9090526315789473,0.06558389538485593
"GPyTorch Milios Dirichlet (RBF, ARD, LBFGS-defaults)",300,500,9500,9,14.843106031417847,0.024652957916259766,16,16,0,14,CONVERGENCE: RELATIVE REDUCTION OF F <= FACTR*EPSMCH,133.0,4.426736831665039,0.9001052631578947,0.06980163488776876
"GP+ GPClassifier (PowerExp, p=learned, LBFGS-defaults)",300,500,9500,9,37.37805700302124,0.15036273002624512,16,16,0,10,CONVERGENCE: RELATIVE REDUCTION OF F <= FACTR*EPSMCH,74.0,4.482226371765137,0.8826315789473684,0.08531250536606041
TabPFN Classifier (v2.5 default),300,500,9500,9,0.21140122413635254,3.327667474746704,1,1,0,0,,,0.09591630935992623,0.8867368421052632,0.08133246328993861
TabPFN Classifier (v2 compatibility),300,500,9500,9,0.1586298942565918,3.17960524559021,1,1,0,0,,,0.08337090987461646,0.8861052631578947,0.07975893837046996
"GP+ GPClassifier (RBF, ARD, LBFGS-defaults)",500,500,9500,9,11.292701005935669,0.06119561195373535,16,16,0,0,CONVERGENCE: RELATIVE REDUCTION OF F <= FACTR*EPSMCH,39.0,4.408075332641602,0.8913684210526316,0.08039321017980465
"GP+ GPClassifier (Matern, nu=0.5, ARD, LBFGS-defaults)",500,500,9500,9,13.912882566452026,0.07152628898620605,16,16,0,1,ABNORMAL: ,36.0,4.281878471374512,0.9253684210526316,0.05440306216304933
"GPyTorch Milios Dirichlet (RBF, ARD, LBFGS-defaults)",500,500,9500,9,23.728941679000854,0.04846668243408203,16,16,0,3,CONVERGENCE: RELATIVE REDUCTION OF F <= FACTR*EPSMCH,99.0,4.25201416015625,0.9214736842105263,0.05472306953193916
"GP+ GPClassifier (PowerExp, p=learned, LBFGS-defaults)",500,500,9500,9,94.93793272972107,0.27416300773620605,16,16,0,12,CONVERGENCE: RELATIVE REDUCTION OF F <= FACTR*EPSMCH,80.0,4.320378303527832,0.8973684210526316,0.07334202898736114
TabPFN Classifier (v2.5 default),500,500,9500,9,0.9980449676513672,3.5984678268432617,1,1,0,0,,,0.04096288864351454,0.8973684210526316,0.0728692120522862
TabPFN Classifier (v2 compatibility),500,500,9500,9,0.1443190574645996,3.7315070629119873,1,1,0,0,,,0.023794618803368403,0.9069473684210526,0.06816648585447972
