model,train_size,train_pool_size,test_size,seed,train_time_s,infer_time_s,lbfgs_stop_reason,lbfgs_iterations,final_train_nll,accuracy,brier
"GP+ GPClassifier (RBF, ARD, LBFGS-defaults)",50,500,9500,0,0.34691929817199707,0.010519027709960938,CONVERGENCE: RELATIVE REDUCTION OF F <= FACTR*EPSMCH,101.0,4.767233848571777,0.7326315789473684,0.21732231693091356
"GP+ GPClassifier (Matern, nu=0.5, ARD, LBFGS-defaults)",50,500,9500,0,0.1997213363647461,0.011964797973632812,CONVERGENCE: RELATIVE REDUCTION OF F <= FACTR*EPSMCH,39.0,4.865450859069824,0.6246315789473684,0.3195527484252131
"GPyTorch Milios Dirichlet (RBF, ARD, LBFGS-defaults)",50,500,9500,0,0.30069899559020996,0.009014368057250977,CONVERGENCE: RELATIVE REDUCTION OF F <= FACTR*EPSMCH,107.0,4.763504981994629,0.6784210526315789,0.25249149695013856
"GP+ GPClassifier (PowerExp, p=learned, LBFGS-defaults)",50,500,9500,0,0.33453369140625,0.043218135833740234,CONVERGENCE: RELATIVE REDUCTION OF F <= FACTR*EPSMCH,66.0,4.731230735778809,0.6236842105263158,0.31984913453535546
TabPFN Classifier (v2.5 default),50,500,9500,0,0.7699577808380127,2.9523561000823975,,,0.29189537539193045,0.661578947368421,0.2001571882469443
TabPFN Classifier (v2 compatibility),50,500,9500,0,0.1216115951538086,2.6219568252563477,,,0.36615787665238453,0.7247368421052631,0.1779407293563909
"GP+ GPClassifier (RBF, ARD, LBFGS-defaults)",100,500,9500,0,0.3505403995513916,0.017696380615234375,CONVERGENCE: RELATIVE REDUCTION OF F <= FACTR*EPSMCH,92.0,4.788453102111816,0.8112631578947368,0.14874788263550362
"GP+ GPClassifier (Matern, nu=0.5, ARD, LBFGS-defaults)",100,500,9500,0,0.48073673248291016,0.02200913429260254,CONVERGENCE: RELATIVE REDUCTION OF F <= FACTR*EPSMCH,82.0,4.732297897338867,0.8469473684210527,0.11537576260703415
"GPyTorch Milios Dirichlet (RBF, ARD, LBFGS-defaults)",100,500,9500,0,0.27062416076660156,0.01300048828125,CONVERGENCE: RELATIVE REDUCTION OF F <= FACTR*EPSMCH,83.0,4.6773529052734375,0.8468421052631578,0.11626406139017657
"GP+ GPClassifier (PowerExp, p=learned, LBFGS-defaults)",100,500,9500,0,0.33596229553222656,0.08179759979248047,CONVERGENCE: RELATIVE REDUCTION OF F <= FACTR*EPSMCH,53.0,4.721431732177734,0.8349473684210527,0.126478645463367
TabPFN Classifier (v2.5 default),100,500,9500,0,0.14053964614868164,3.0296521186828613,,,0.13388812072582712,0.8162105263157895,0.12760109286260002
TabPFN Classifier (v2 compatibility),100,500,9500,0,0.12507414817810059,2.841773271560669,,,0.2259583477090163,0.8112631578947368,0.13053022268310838
"GP+ GPClassifier (RBF, ARD, LBFGS-defaults)",300,500,9500,0,0.4505791664123535,0.04857277870178223,CONVERGENCE: RELATIVE REDUCTION OF F <= FACTR*EPSMCH,62.0,4.639568328857422,0.8509473684210527,0.11302359348617878
"GP+ GPClassifier (Matern, nu=0.5, ARD, LBFGS-defaults)",300,500,9500,0,0.30411720275878906,0.06981849670410156,CONVERGENCE: RELATIVE REDUCTION OF F <= FACTR*EPSMCH,33.0,4.534499168395996,0.9010526315789473,0.07032017320528414
"GPyTorch Milios Dirichlet (RBF, ARD, LBFGS-defaults)",300,500,9500,0,0.7197823524475098,0.04397916793823242,CONVERGENCE: RELATIVE REDUCTION OF F <= FACTR*EPSMCH,126.0,4.484553337097168,0.9069473684210526,0.06643494268969476
"GP+ GPClassifier (PowerExp, p=learned, LBFGS-defaults)",300,500,9500,0,1.5443758964538574,0.22161364555358887,CONVERGENCE: RELATIVE REDUCTION OF F <= FACTR*EPSMCH,62.0,4.57110595703125,0.884,0.08400165307779113
TabPFN Classifier (v2.5 default),300,500,9500,0,0.2224593162536621,3.1238176822662354,,,0.10151245421525865,0.8654736842105263,0.09367115405869196
TabPFN Classifier (v2 compatibility),300,500,9500,0,0.1324784755706787,2.9753801822662354,,,0.09872394862038592,0.8834736842105263,0.08327936665044035
"GP+ GPClassifier (RBF, ARD, LBFGS-defaults)",500,500,9500,0,0.4999067783355713,0.10455441474914551,CONVERGENCE: RELATIVE REDUCTION OF F <= FACTR*EPSMCH,31.0,4.477108001708984,0.8823157894736842,0.08900646225462186
"GP+ GPClassifier (Matern, nu=0.5, ARD, LBFGS-defaults)",500,500,9500,0,0.5723283290863037,0.12309932708740234,CONVERGENCE: RELATIVE REDUCTION OF F <= FACTR*EPSMCH,32.0,4.339410781860352,0.9156842105263158,0.0593884074555197
"GPyTorch Milios Dirichlet (RBF, ARD, LBFGS-defaults)",500,500,9500,0,0.9043529033660889,0.08001375198364258,ABNORMAL: ,54.0,4.267535209655762,0.9146315789473685,0.05972297819246157
"GP+ GPClassifier (PowerExp, p=learned, LBFGS-defaults)",500,500,9500,0,3.9897923469543457,0.5795531272888184,CONVERGENCE: RELATIVE REDUCTION OF F <= FACTR*EPSMCH,65.0,4.403613090515137,0.9023157894736842,0.07002148573388696
TabPFN Classifier (v2.5 default),500,500,9500,0,0.1504666805267334,3.4479684829711914,,,0.07853838798013114,0.8925263157894737,0.07573719810149558
TabPFN Classifier (v2 compatibility),500,500,9500,0,0.12562108039855957,3.2691540718078613,,,0.055478248068896334,0.9021052631578947,0.06836844627800058
"GP+ GPClassifier (RBF, ARD, LBFGS-defaults)",50,500,9500,1,0.3874952793121338,0.01000356674194336,CONVERGENCE: RELATIVE REDUCTION OF F <= FACTR*EPSMCH,115.0,4.692968368530273,0.6130526315789474,0.3287509234658868
"GP+ GPClassifier (Matern, nu=0.5, ARD, LBFGS-defaults)",50,500,9500,1,0.15201687812805176,0.012000083923339844,ABNORMAL: ,16.0,5.137130260467529,0.638,0.281032454975123
"GPyTorch Milios Dirichlet (RBF, ARD, LBFGS-defaults)",50,500,9500,1,0.27303361892700195,0.007004976272583008,CONVERGENCE: RELATIVE REDUCTION OF F <= FACTR*EPSMCH,96.0,4.696187973022461,0.6294736842105263,0.30136619946303417
"GP+ GPClassifier (PowerExp, p=learned, LBFGS-defaults)",50,500,9500,1,0.33313417434692383,0.043055057525634766,CONVERGENCE: RELATIVE REDUCTION OF F <= FACTR*EPSMCH,63.0,4.692960739135742,0.6130526315789474,0.3288357656968254
TabPFN Classifier (v2.5 default),50,500,9500,1,0.14551234245300293,2.9555885791778564,,,0.35613670353078647,0.7469473684210526,0.17663202080300977
TabPFN Classifier (v2 compatibility),50,500,9500,1,0.11662507057189941,2.5930535793304443,,,0.3849093158858627,0.7713684210526316,0.16457517428001436
"GP+ GPClassifier (RBF, ARD, LBFGS-defaults)",100,500,9500,1,0.5685508251190186,0.01700448989868164,CONVERGENCE: RELATIVE REDUCTION OF F <= FACTR*EPSMCH,155.0,4.640162467956543,0.7253684210526316,0.22033109162720796
"GP+ GPClassifier (Matern, nu=0.5, ARD, LBFGS-defaults)",100,500,9500,1,0.5879373550415039,0.021450519561767578,CONVERGENCE: RELATIVE REDUCTION OF F <= FACTR*EPSMCH,91.0,4.609936714172363,0.7844210526315789,0.16625087986611917
"GPyTorch Milios Dirichlet (RBF, ARD, LBFGS-defaults)",100,500,9500,1,0.5316970348358154,0.013010740280151367,CONVERGENCE: RELATIVE REDUCTION OF F <= FACTR*EPSMCH,170.0,4.545741081237793,0.7849473684210526,0.16118117899505371
"GP+ GPClassifier (PowerExp, p=learned, LBFGS-defaults)",100,500,9500,1,0.5755465030670166,0.07536816596984863,CONVERGENCE: RELATIVE REDUCTION OF F <= FACTR*EPSMCH,92.0,4.642999649047852,0.7374736842105263,0.2072815744224942
TabPFN Classifier (v2.5 default),100,500,9500,1,0.16103506088256836,2.9669387340545654,,,0.16662640353965855,0.7876842105263158,0.14299610295681253
TabPFN Classifier (v2 compatibility),100,500,9500,1,0.13895726203918457,2.660524606704712,,,0.19830562998316675,0.8010526315789473,0.1374303024198584
"GP+ GPClassifier (RBF, ARD, LBFGS-defaults)",300,500,9500,1,0.5945508480072021,0.05199146270751953,CONVERGENCE: RELATIVE REDUCTION OF F <= FACTR*EPSMCH,89.0,4.510265350341797,0.8494736842105263,0.11401983159407121
"GP+ GPClassifier (Matern, nu=0.5, ARD, LBFGS-defaults)",300,500,9500,1,0.34004759788513184,0.0700216293334961,CONVERGENCE: RELATIVE REDUCTION OF F <= FACTR*EPSMCH,30.0,4.429686546325684,0.8882105263157895,0.0794035581076759
"GPyTorch Milios Dirichlet (RBF, ARD, LBFGS-defaults)",300,500,9500,1,0.4308023452758789,0.04577350616455078,CONVERGENCE: RELATIVE REDUCTION OF F <= FACTR*EPSMCH,57.0,4.369489669799805,0.8827368421052632,0.08310337658158931
"GP+ GPClassifier (PowerExp, p=learned, LBFGS-defaults)",300,500,9500,1,1.8641903400421143,0.23827075958251953,CONVERGENCE: RELATIVE REDUCTION OF F <= FACTR*EPSMCH,73.0,4.470889091491699,0.8758947368421053,0.09054045345012188
TabPFN Classifier (v2.5 default),300,500,9500,1,0.25659823417663574,3.16573429107666,,,0.11337344178911231,0.8598947368421053,0.09682245067993883
TabPFN Classifier (v2 compatibility),300,500,9500,1,0.12172460556030273,2.9978439807891846,,,0.12140168213190662,0.8654736842105263,0.09430170557926942
"GP+ GPClassifier (RBF, ARD, LBFGS-defaults)",500,500,9500,1,0.9789028167724609,0.10155582427978516,CONVERGENCE: RELATIVE REDUCTION OF F <= FACTR*EPSMCH,77.0,4.435022354125977,0.8688421052631579,0.09965629493884992
"GP+ GPClassifier (Matern, nu=0.5, ARD, LBFGS-defaults)",500,500,9500,1,0.586284875869751,0.11660337448120117,CONVERGENCE: RELATIVE REDUCTION OF F <= FACTR*EPSMCH,29.0,4.309868335723877,0.91,0.06428980293584176
"GPyTorch Milios Dirichlet (RBF, ARD, LBFGS-defaults)",500,500,9500,1,0.869495153427124,0.08204913139343262,CONVERGENCE: RELATIVE REDUCTION OF F <= FACTR*EPSMCH,70.0,4.243237495422363,0.9033684210526316,0.06826989670906168
"GP+ GPClassifier (PowerExp, p=learned, LBFGS-defaults)",500,500,9500,1,2.7994987964630127,0.6123650074005127,CONVERGENCE: RELATIVE REDUCTION OF F <= FACTR*EPSMCH,46.0,4.385272979736328,0.8954736842105263,0.07877092243357911
TabPFN Classifier (v2.5 default),500,500,9500,1,0.16053104400634766,3.451091766357422,,,0.0758061765193389,0.8943157894736842,0.07522120685302254
TabPFN Classifier (v2 compatibility),500,500,9500,1,0.12665057182312012,3.2641232013702393,,,0.05012184794372242,0.9014736842105263,0.06858321676798139
"GP+ GPClassifier (RBF, ARD, LBFGS-defaults)",50,500,9500,2,0.25504565238952637,0.012005090713500977,CONVERGENCE: RELATIVE REDUCTION OF F <= FACTR*EPSMCH,73.0,4.659670829772949,0.7434736842105263,0.20638113979450073
"GP+ GPClassifier (Matern, nu=0.5, ARD, LBFGS-defaults)",50,500,9500,2,0.16213202476501465,0.011517524719238281,ABNORMAL: ,16.0,5.137382984161377,0.638,0.2813842706521743
"GPyTorch Milios Dirichlet (RBF, ARD, LBFGS-defaults)",50,500,9500,2,0.3736240863800049,0.006005048751831055,CONVERGENCE: RELATIVE REDUCTION OF F <= FACTR*EPSMCH,134.0,4.624327659606934,0.7614736842105263,0.18554166875377556
"GP+ GPClassifier (PowerExp, p=learned, LBFGS-defaults)",50,500,9500,2,0.3693423271179199,0.0405271053314209,CONVERGENCE: RELATIVE REDUCTION OF F <= FACTR*EPSMCH,72.0,4.656294822692871,0.7430526315789474,0.2060461699547887
TabPFN Classifier (v2.5 default),50,500,9500,2,0.16455388069152832,2.9575352668762207,,,0.258930642769775,0.7569473684210526,0.16433963980973051
TabPFN Classifier (v2 compatibility),50,500,9500,2,0.11547231674194336,2.6307811737060547,,,0.3163132421961013,0.7621052631578947,0.16480049291393212
"GP+ GPClassifier (RBF, ARD, LBFGS-defaults)",100,500,9500,2,0.39098167419433594,0.017023324966430664,CONVERGENCE: RELATIVE REDUCTION OF F <= FACTR*EPSMCH,98.0,4.633716583251953,0.7094736842105264,0.24016459248156743
"GP+ GPClassifier (Matern, nu=0.5, ARD, LBFGS-defaults)",100,500,9500,2,0.3074986934661865,0.02299952507019043,CONVERGENCE: RELATIVE REDUCTION OF F <= FACTR*EPSMCH,50.0,4.627328872680664,0.8394736842105263,0.11866300618966096
"GPyTorch Milios Dirichlet (RBF, ARD, LBFGS-defaults)",100,500,9500,2,0.4836852550506592,0.012012243270874023,CONVERGENCE: RELATIVE REDUCTION OF F <= FACTR*EPSMCH,132.0,4.546672821044922,0.8314736842105264,0.12444002991113592
"GP+ GPClassifier (PowerExp, p=learned, LBFGS-defaults)",100,500,9500,2,0.4355428218841553,0.0789804458618164,CONVERGENCE: RELATIVE REDUCTION OF F <= FACTR*EPSMCH,70.0,4.612009048461914,0.7353684210526316,0.21025152471047773
TabPFN Classifier (v2.5 default),100,500,9500,2,0.1393733024597168,2.991969347000122,,,0.1494935634729162,0.8095789473684211,0.12983901697522537
TabPFN Classifier (v2 compatibility),100,500,9500,2,0.11647486686706543,2.7792367935180664,,,0.25806555720454494,0.8031578947368421,0.13517669870622914
"GP+ GPClassifier (RBF, ARD, LBFGS-defaults)",300,500,9500,2,0.3350832462310791,0.04952430725097656,CONVERGENCE: RELATIVE REDUCTION OF F <= FACTR*EPSMCH,48.0,4.481483459472656,0.8606315789473684,0.10561869233153266
"GP+ GPClassifier (Matern, nu=0.5, ARD, LBFGS-defaults)",300,500,9500,2,0.3120605945587158,0.07100224494934082,CONVERGENCE: RELATIVE REDUCTION OF F <= FACTR*EPSMCH,37.0,4.378976821899414,0.8943157894736842,0.0747165968121719
"GPyTorch Milios Dirichlet (RBF, ARD, LBFGS-defaults)",300,500,9500,2,0.39597606658935547,0.037017822265625,CONVERGENCE: RELATIVE REDUCTION OF F <= FACTR*EPSMCH,72.0,4.316648960113525,0.8949473684210526,0.07325730727815881
"GP+ GPClassifier (PowerExp, p=learned, LBFGS-defaults)",300,500,9500,2,1.391530990600586,0.22622227668762207,CONVERGENCE: RELATIVE REDUCTION OF F <= FACTR*EPSMCH,57.0,4.461055755615234,0.8826315789473684,0.08711276660120056
TabPFN Classifier (v2.5 default),300,500,9500,2,0.23062562942504883,3.161008596420288,,,0.10759614138123735,0.8741052631578947,0.08697205592962605
TabPFN Classifier (v2 compatibility),300,500,9500,2,0.12352895736694336,2.9837443828582764,,,0.10291014177134136,0.8806315789473684,0.08209332891984193
"GP+ GPClassifier (RBF, ARD, LBFGS-defaults)",500,500,9500,2,0.8408703804016113,0.08605384826660156,CONVERGENCE: RELATIVE REDUCTION OF F <= FACTR*EPSMCH,62.0,4.518115520477295,0.876421052631579,0.09300496353275227
"GP+ GPClassifier (Matern, nu=0.5, ARD, LBFGS-defaults)",500,500,9500,2,0.9075629711151123,0.12305045127868652,ABNORMAL: ,31.0,4.329207420349121,0.9136842105263158,0.06314447202284514
"GPyTorch Milios Dirichlet (RBF, ARD, LBFGS-defaults)",500,500,9500,2,0.8679156303405762,0.08152604103088379,CONVERGENCE: NORM OF PROJECTED GRADIENT <= PGTOL,79.0,4.260348320007324,0.9097894736842105,0.06345554844896653
"GP+ GPClassifier (PowerExp, p=learned, LBFGS-defaults)",500,500,9500,2,4.538463115692139,0.6014208793640137,CONVERGENCE: RELATIVE REDUCTION OF F <= FACTR*EPSMCH,63.0,4.400905609130859,0.9029473684210526,0.07151871111968491
TabPFN Classifier (v2.5 default),500,500,9500,2,0.15311455726623535,3.4464097023010254,,,0.0726082273416102,0.8997894736842105,0.07206325802141898
TabPFN Classifier (v2 compatibility),500,500,9500,2,0.1402120590209961,3.3038549423217773,,,0.0711146455149585,0.909578947368421,0.06653916807759491
"GP+ GPClassifier (RBF, ARD, LBFGS-defaults)",50,500,9500,3,0.5600171089172363,0.01100015640258789,CONVERGENCE: RELATIVE REDUCTION OF F <= FACTR*EPSMCH,168.0,4.424468040466309,0.7077894736842105,0.24312109030466283
"GP+ GPClassifier (Matern, nu=0.5, ARD, LBFGS-defaults)",50,500,9500,3,0.11947751045227051,0.012540817260742188,CONVERGENCE: RELATIVE REDUCTION OF F <= FACTR*EPSMCH,18.0,5.136987686157227,0.638,0.2811282086310055
"GPyTorch Milios Dirichlet (RBF, ARD, LBFGS-defaults)",50,500,9500,3,0.7221975326538086,0.008002996444702148,CONVERGENCE: RELATIVE REDUCTION OF F <= FACTR*EPSMCH,279.0,4.359134674072266,0.7062105263157895,0.23889814488350936
"GP+ GPClassifier (PowerExp, p=learned, LBFGS-defaults)",50,500,9500,3,0.557204008102417,0.040032148361206055,CONVERGENCE: RELATIVE REDUCTION OF F <= FACTR*EPSMCH,116.0,4.424447059631348,0.7073684210526315,0.24308298648025112
TabPFN Classifier (v2.5 default),50,500,9500,3,0.1420760154724121,2.9833343029022217,,,0.11547408782328013,0.7694736842105263,0.1517568929473332
TabPFN Classifier (v2 compatibility),50,500,9500,3,0.12040996551513672,2.6798949241638184,,,0.14687916370998141,0.7752631578947369,0.14873444433262678
"GP+ GPClassifier (RBF, ARD, LBFGS-defaults)",100,500,9500,3,0.2609975337982178,0.0170135498046875,CONVERGENCE: RELATIVE REDUCTION OF F <= FACTR*EPSMCH,66.0,4.408049583435059,0.7272631578947368,0.22511043981534884
"GP+ GPClassifier (Matern, nu=0.5, ARD, LBFGS-defaults)",100,500,9500,3,0.15958380699157715,0.027516603469848633,CONVERGENCE: RELATIVE REDUCTION OF F <= FACTR*EPSMCH,27.0,4.5219573974609375,0.762421052631579,0.18699974750025802
"GPyTorch Milios Dirichlet (RBF, ARD, LBFGS-defaults)",100,500,9500,3,0.2707979679107666,0.015533447265625,CONVERGENCE: RELATIVE REDUCTION OF F <= FACTR*EPSMCH,80.0,4.448296546936035,0.8072631578947368,0.14604068199145295
"GP+ GPClassifier (PowerExp, p=learned, LBFGS-defaults)",100,500,9500,3,0.6400339603424072,0.0908815860748291,CONVERGENCE: RELATIVE REDUCTION OF F <= FACTR*EPSMCH,106.0,4.42280387878418,0.7978947368421052,0.1541538429578291
TabPFN Classifier (v2.5 default),100,500,9500,3,0.14052343368530273,3.0308141708374023,,,0.1329841191465474,0.7987368421052632,0.1405745627179745
TabPFN Classifier (v2 compatibility),100,500,9500,3,0.12155508995056152,2.706347703933716,,,0.2098280780657036,0.7976842105263158,0.1423130244481947
"GP+ GPClassifier (RBF, ARD, LBFGS-defaults)",300,500,9500,3,0.26810169219970703,0.0529932975769043,CONVERGENCE: RELATIVE REDUCTION OF F <= FACTR*EPSMCH,32.0,4.449214458465576,0.8721052631578947,0.09779484354159547
"GP+ GPClassifier (Matern, nu=0.5, ARD, LBFGS-defaults)",300,500,9500,3,0.3073427677154541,0.06852865219116211,CONVERGENCE: RELATIVE REDUCTION OF F <= FACTR*EPSMCH,37.0,4.328871726989746,0.8903157894736842,0.07707312282379698
"GPyTorch Milios Dirichlet (RBF, ARD, LBFGS-defaults)",300,500,9500,3,0.8494815826416016,0.04309511184692383,CONVERGENCE: RELATIVE REDUCTION OF F <= FACTR*EPSMCH,133.0,4.266889572143555,0.8924210526315789,0.07651564471155403
"GP+ GPClassifier (PowerExp, p=learned, LBFGS-defaults)",300,500,9500,3,1.7650551795959473,0.2380695343017578,CONVERGENCE: RELATIVE REDUCTION OF F <= FACTR*EPSMCH,75.0,4.373819351196289,0.8733684210526316,0.09069096665642123
TabPFN Classifier (v2.5 default),300,500,9500,3,0.2165393829345703,3.14517879486084,,,0.06805984950554296,0.866,0.09410568009692713
TabPFN Classifier (v2 compatibility),300,500,9500,3,0.12959647178649902,2.9660022258758545,,,0.0754720310640515,0.8690526315789474,0.0921591629716588
"GP+ GPClassifier (RBF, ARD, LBFGS-defaults)",500,500,9500,3,0.8548629283905029,0.10153698921203613,CONVERGENCE: RELATIVE REDUCTION OF F <= FACTR*EPSMCH,64.0,4.385437965393066,0.878,0.09223084037064744
"GP+ GPClassifier (Matern, nu=0.5, ARD, LBFGS-defaults)",500,500,9500,3,0.5372829437255859,0.12047791481018066,CONVERGENCE: RELATIVE REDUCTION OF F <= FACTR*EPSMCH,31.0,4.241179466247559,0.9034736842105263,0.06765127434602505
"GPyTorch Milios Dirichlet (RBF, ARD, LBFGS-defaults)",500,500,9500,3,0.810269832611084,0.07739734649658203,CONVERGENCE: RELATIVE REDUCTION OF F <= FACTR*EPSMCH,74.0,4.206934928894043,0.9085263157894737,0.06453052933604557
"GP+ GPClassifier (PowerExp, p=learned, LBFGS-defaults)",500,500,9500,3,4.073417663574219,0.5795774459838867,CONVERGENCE: RELATIVE REDUCTION OF F <= FACTR*EPSMCH,60.0,4.283882141113281,0.890421052631579,0.08041313099106727
TabPFN Classifier (v2.5 default),500,500,9500,3,0.15552258491516113,3.4700918197631836,,,0.03406916654838482,0.8857894736842106,0.07955549183353548
TabPFN Classifier (v2 compatibility),500,500,9500,3,0.12655901908874512,3.250528335571289,,,0.025122275594491362,0.8929473684210526,0.07397447481248888
"GP+ GPClassifier (RBF, ARD, LBFGS-defaults)",50,500,9500,4,0.3280916213989258,0.012001276016235352,CONVERGENCE: RELATIVE REDUCTION OF F <= FACTR*EPSMCH,98.0,4.473586082458496,0.7805263157894737,0.16884897348746922
"GP+ GPClassifier (Matern, nu=0.5, ARD, LBFGS-defaults)",50,500,9500,4,0.19302940368652344,0.014000177383422852,CONVERGENCE: RELATIVE REDUCTION OF F <= FACTR*EPSMCH,37.0,4.729958534240723,0.6705263157894736,0.27697001978662084
"GPyTorch Milios Dirichlet (RBF, ARD, LBFGS-defaults)",50,500,9500,4,0.5539255142211914,0.008998870849609375,CONVERGENCE: RELATIVE REDUCTION OF F <= FACTR*EPSMCH,193.0,4.526269912719727,0.7988421052631579,0.14866910036472777
"GP+ GPClassifier (PowerExp, p=learned, LBFGS-defaults)",50,500,9500,4,0.43987178802490234,0.04551839828491211,CONVERGENCE: RELATIVE REDUCTION OF F <= FACTR*EPSMCH,81.0,4.48204231262207,0.7690526315789473,0.17940870196705255
TabPFN Classifier (v2.5 default),50,500,9500,4,0.15611958503723145,3.0316314697265625,,,0.136166892174761,0.8191578947368421,0.1299041262717919
TabPFN Classifier (v2 compatibility),50,500,9500,4,0.12880158424377441,2.6023030281066895,,,0.19331173760635786,0.8108421052631579,0.13415233006205526
"GP+ GPClassifier (RBF, ARD, LBFGS-defaults)",100,500,9500,4,0.34911346435546875,0.016392946243286133,CONVERGENCE: RELATIVE REDUCTION OF F <= FACTR*EPSMCH,93.0,4.484377861022949,0.763578947368421,0.1934934768987316
"GP+ GPClassifier (Matern, nu=0.5, ARD, LBFGS-defaults)",100,500,9500,4,0.22142481803894043,0.023001909255981445,CONVERGENCE: RELATIVE REDUCTION OF F <= FACTR*EPSMCH,43.0,4.510331153869629,0.8273684210526315,0.13348324974481499
"GPyTorch Milios Dirichlet (RBF, ARD, LBFGS-defaults)",100,500,9500,4,0.6714682579040527,0.013013362884521484,CONVERGENCE: RELATIVE REDUCTION OF F <= FACTR*EPSMCH,207.0,4.45272159576416,0.8230526315789474,0.13445224497596064
"GP+ GPClassifier (PowerExp, p=learned, LBFGS-defaults)",100,500,9500,4,0.6886153221130371,0.0851294994354248,ABNORMAL: ,96.0,4.483799934387207,0.7658947368421053,0.19163100676569483
TabPFN Classifier (v2.5 default),100,500,9500,4,0.14853501319885254,2.988248586654663,,,0.12575552075563926,0.8222105263157895,0.1250136949771438
TabPFN Classifier (v2 compatibility),100,500,9500,4,0.11751675605773926,2.6993062496185303,,,0.14581454916456868,0.8197894736842105,0.12486194997050712
"GP+ GPClassifier (RBF, ARD, LBFGS-defaults)",300,500,9500,4,0.3422236442565918,0.05196070671081543,CONVERGENCE: RELATIVE REDUCTION OF F <= FACTR*EPSMCH,46.0,4.480735778808594,0.8567368421052631,0.10743878267117209
"GP+ GPClassifier (Matern, nu=0.5, ARD, LBFGS-defaults)",300,500,9500,4,0.4187955856323242,0.06674933433532715,CONVERGENCE: RELATIVE REDUCTION OF F <= FACTR*EPSMCH,38.0,4.410935878753662,0.9012631578947369,0.06922461875533645
"GPyTorch Milios Dirichlet (RBF, ARD, LBFGS-defaults)",300,500,9500,4,1.2004175186157227,0.04299163818359375,CONVERGENCE: RELATIVE REDUCTION OF F <= FACTR*EPSMCH,217.0,4.3456268310546875,0.9028421052631579,0.07043775718472566
"GP+ GPClassifier (PowerExp, p=learned, LBFGS-defaults)",300,500,9500,4,2.1169075965881348,0.2251420021057129,CONVERGENCE: RELATIVE REDUCTION OF F <= FACTR*EPSMCH,80.0,4.450130462646484,0.8828421052631579,0.0862054956555821
TabPFN Classifier (v2.5 default),300,500,9500,4,0.23421955108642578,3.176217794418335,,,0.07820963343321012,0.8888421052631579,0.07938611088953514
TabPFN Classifier (v2 compatibility),300,500,9500,4,0.12147712707519531,2.958904981613159,,,0.06498868455727226,0.8867368421052632,0.08148805794788487
"GP+ GPClassifier (RBF, ARD, LBFGS-defaults)",500,500,9500,4,0.5812904834747314,0.0965280532836914,CONVERGENCE: RELATIVE REDUCTION OF F <= FACTR*EPSMCH,39.0,4.323431968688965,0.8751578947368421,0.09497801937816835
"GP+ GPClassifier (Matern, nu=0.5, ARD, LBFGS-defaults)",500,500,9500,4,0.48818039894104004,0.12656927108764648,CONVERGENCE: RELATIVE REDUCTION OF F <= FACTR*EPSMCH,28.0,4.235909461975098,0.9106315789473685,0.06512793589189625
"GPyTorch Milios Dirichlet (RBF, ARD, LBFGS-defaults)",500,500,9500,4,0.7575247287750244,0.0785365104675293,CONVERGENCE: RELATIVE REDUCTION OF F <= FACTR*EPSMCH,53.0,4.1930389404296875,0.9048421052631579,0.06874515004221295
"GP+ GPClassifier (PowerExp, p=learned, LBFGS-defaults)",500,500,9500,4,4.5040388107299805,0.5839211940765381,CONVERGENCE: RELATIVE REDUCTION OF F <= FACTR*EPSMCH,69.0,4.293567657470703,0.8902105263157895,0.08134637301343045
TabPFN Classifier (v2.5 default),500,500,9500,4,0.16163253784179688,3.502127170562744,,,0.05246450868730085,0.8974736842105263,0.07250907631757698
TabPFN Classifier (v2 compatibility),500,500,9500,4,0.1255033016204834,3.2908098697662354,,,0.05209780646634292,0.9,0.07104776465232952
"GP+ GPClassifier (RBF, ARD, LBFGS-defaults)",50,500,9500,5,0.36152005195617676,0.010001659393310547,CONVERGENCE: RELATIVE REDUCTION OF F <= FACTR*EPSMCH,106.0,4.636774063110352,0.7103157894736842,0.2452644813297724
"GP+ GPClassifier (Matern, nu=0.5, ARD, LBFGS-defaults)",50,500,9500,5,0.3056831359863281,0.013001680374145508,CONVERGENCE: RELATIVE REDUCTION OF F <= FACTR*EPSMCH,60.0,4.824944496154785,0.7322105263157894,0.21682133385720218
"GPyTorch Milios Dirichlet (RBF, ARD, LBFGS-defaults)",50,500,9500,5,0.3040330410003662,0.007112264633178711,CONVERGENCE: RELATIVE REDUCTION OF F <= FACTR*EPSMCH,93.0,4.725798606872559,0.7143157894736842,0.23175025580011904
"GP+ GPClassifier (PowerExp, p=learned, LBFGS-defaults)",50,500,9500,5,0.37218403816223145,0.03750872611999512,CONVERGENCE: RELATIVE REDUCTION OF F <= FACTR*EPSMCH,72.0,4.636751174926758,0.7105263157894737,0.245264740304496
TabPFN Classifier (v2.5 default),50,500,9500,5,0.14255023002624512,3.0311267375946045,,,0.36662720980988317,0.7190526315789474,0.17977945332233672
TabPFN Classifier (v2 compatibility),50,500,9500,5,0.1164696216583252,2.548440933227539,,,0.43563146521803703,0.7502105263157894,0.17334095926721751
"GP+ GPClassifier (RBF, ARD, LBFGS-defaults)",100,500,9500,5,0.2992441654205322,0.017006635665893555,CONVERGENCE: RELATIVE REDUCTION OF F <= FACTR*EPSMCH,73.0,4.5883259773254395,0.7494736842105263,0.2054405795567319
"GP+ GPClassifier (Matern, nu=0.5, ARD, LBFGS-defaults)",100,500,9500,5,0.21012425422668457,0.021000385284423828,CONVERGENCE: RELATIVE REDUCTION OF F <= FACTR*EPSMCH,38.0,4.594388008117676,0.7765263157894737,0.17941646417823043
"GPyTorch Milios Dirichlet (RBF, ARD, LBFGS-defaults)",100,500,9500,5,0.49863195419311523,0.013519287109375,CONVERGENCE: RELATIVE REDUCTION OF F <= FACTR*EPSMCH,158.0,4.498400688171387,0.7849473684210526,0.16920622768156898
"GP+ GPClassifier (PowerExp, p=learned, LBFGS-defaults)",100,500,9500,5,0.6303536891937256,0.0836801528930664,CONVERGENCE: RELATIVE REDUCTION OF F <= FACTR*EPSMCH,104.0,4.587867736816406,0.7661052631578947,0.19464516840943716
TabPFN Classifier (v2.5 default),100,500,9500,5,0.1442241668701172,2.9284706115722656,,,0.18861682381276654,0.785578947368421,0.14340804411340394
TabPFN Classifier (v2 compatibility),100,500,9500,5,0.1156470775604248,2.6687135696411133,,,0.24713480636748325,0.7907368421052632,0.14117304765537037
"GP+ GPClassifier (RBF, ARD, LBFGS-defaults)",300,500,9500,5,0.7187838554382324,0.0520930290222168,CONVERGENCE: RELATIVE REDUCTION OF F <= FACTR*EPSMCH,104.0,4.612269878387451,0.8674736842105263,0.09769840126926833
"GP+ GPClassifier (Matern, nu=0.5, ARD, LBFGS-defaults)",300,500,9500,5,0.3203260898590088,0.06951785087585449,CONVERGENCE: RELATIVE REDUCTION OF F <= FACTR*EPSMCH,38.0,4.501344680786133,0.9058947368421053,0.06842147369337431
"GPyTorch Milios Dirichlet (RBF, ARD, LBFGS-defaults)",300,500,9500,5,0.7194652557373047,0.038010597229003906,CONVERGENCE: RELATIVE REDUCTION OF F <= FACTR*EPSMCH,120.0,4.445488929748535,0.9001052631578947,0.07184180246981929
"GP+ GPClassifier (PowerExp, p=learned, LBFGS-defaults)",300,500,9500,5,2.419018268585205,0.301227331161499,CONVERGENCE: RELATIVE REDUCTION OF F <= FACTR*EPSMCH,82.0,4.508388519287109,0.8841052631578947,0.08556935433646612
TabPFN Classifier (v2.5 default),300,500,9500,5,0.32172369956970215,3.174288749694824,,,0.1405546510409997,0.870421052631579,0.09090312040769234
TabPFN Classifier (v2 compatibility),300,500,9500,5,0.13360023498535156,2.9826231002807617,,,0.14618512255995364,0.8736842105263158,0.08847653261028642
"GP+ GPClassifier (RBF, ARD, LBFGS-defaults)",500,500,9500,5,0.8231966495513916,0.10635614395141602,CONVERGENCE: RELATIVE REDUCTION OF F <= FACTR*EPSMCH,59.0,4.440220832824707,0.8723157894736842,0.09527965710595195
"GP+ GPClassifier (Matern, nu=0.5, ARD, LBFGS-defaults)",500,500,9500,5,0.7279901504516602,0.12063312530517578,ABNORMAL: ,26.0,4.284784317016602,0.9084210526315789,0.06573586155917858
"GPyTorch Milios Dirichlet (RBF, ARD, LBFGS-defaults)",500,500,9500,5,0.7577774524688721,0.07456016540527344,CONVERGENCE: RELATIVE REDUCTION OF F <= FACTR*EPSMCH,64.0,4.230823516845703,0.9092631578947369,0.06469317758603035
"GP+ GPClassifier (PowerExp, p=learned, LBFGS-defaults)",500,500,9500,5,3.750547170639038,0.6188545227050781,CONVERGENCE: RELATIVE REDUCTION OF F <= FACTR*EPSMCH,58.0,4.344252109527588,0.8932631578947369,0.07777928790524569
TabPFN Classifier (v2.5 default),500,500,9500,5,0.17209386825561523,3.467649221420288,,,0.08416254085624701,0.8876842105263157,0.07762377574187919
TabPFN Classifier (v2 compatibility),500,500,9500,5,0.12767839431762695,3.304669141769409,,,0.06395085525233232,0.8977894736842106,0.07165679598311503
"GP+ GPClassifier (RBF, ARD, LBFGS-defaults)",50,500,9500,6,0.32060790061950684,0.011002779006958008,CONVERGENCE: RELATIVE REDUCTION OF F <= FACTR*EPSMCH,101.0,4.55290412902832,0.6331578947368421,0.3104186175229179
"GP+ GPClassifier (Matern, nu=0.5, ARD, LBFGS-defaults)",50,500,9500,6,0.11002802848815918,0.01301884651184082,CONVERGENCE: RELATIVE REDUCTION OF F <= FACTR*EPSMCH,17.0,5.137450695037842,0.638,0.281271713829715
"GPyTorch Milios Dirichlet (RBF, ARD, LBFGS-defaults)",50,500,9500,6,0.20453333854675293,0.007002115249633789,CONVERGENCE: RELATIVE REDUCTION OF F <= FACTR*EPSMCH,73.0,4.655755996704102,0.6472631578947369,0.28755876263126307
"GP+ GPClassifier (PowerExp, p=learned, LBFGS-defaults)",50,500,9500,6,0.5373585224151611,0.04052233695983887,CONVERGENCE: RELATIVE REDUCTION OF F <= FACTR*EPSMCH,102.0,4.552591323852539,0.6337894736842106,0.309060946356713
TabPFN Classifier (v2.5 default),50,500,9500,6,0.15334177017211914,3.039212942123413,,,0.40678004892068004,0.6992631578947368,0.1939835190031278
TabPFN Classifier (v2 compatibility),50,500,9500,6,0.12364745140075684,2.6277236938476562,,,0.4502264846255477,0.702421052631579,0.19756172938454056
"GP+ GPClassifier (RBF, ARD, LBFGS-defaults)",100,500,9500,6,0.594916820526123,0.017364025115966797,CONVERGENCE: RELATIVE REDUCTION OF F <= FACTR*EPSMCH,144.0,4.482047080993652,0.744421052631579,0.21037886945943596
"GP+ GPClassifier (Matern, nu=0.5, ARD, LBFGS-defaults)",100,500,9500,6,0.34865403175354004,0.022000551223754883,CONVERGENCE: RELATIVE REDUCTION OF F <= FACTR*EPSMCH,70.0,4.603753089904785,0.7458947368421053,0.2095891684747758
"GPyTorch Milios Dirichlet (RBF, ARD, LBFGS-defaults)",100,500,9500,6,0.5466196537017822,0.013021230697631836,CONVERGENCE: RELATIVE REDUCTION OF F <= FACTR*EPSMCH,185.0,4.444709300994873,0.7832631578947369,0.17061523440365972
"GP+ GPClassifier (PowerExp, p=learned, LBFGS-defaults)",100,500,9500,6,0.5598416328430176,0.07163357734680176,CONVERGENCE: RELATIVE REDUCTION OF F <= FACTR*EPSMCH,89.0,4.481603622436523,0.744421052631579,0.21053648693474628
TabPFN Classifier (v2.5 default),100,500,9500,6,0.29920387268066406,2.9561927318573,,,0.10620752917439694,0.7783157894736842,0.15549370006873675
TabPFN Classifier (v2 compatibility),100,500,9500,6,0.11651134490966797,2.6875646114349365,,,0.13934479310889422,0.7846315789473685,0.14493321173632157
"GP+ GPClassifier (RBF, ARD, LBFGS-defaults)",300,500,9500,6,0.8726022243499756,0.048018693923950195,CONVERGENCE: RELATIVE REDUCTION OF F <= FACTR*EPSMCH,132.0,4.449653625488281,0.8530526315789474,0.10864301405619405
"GP+ GPClassifier (Matern, nu=0.5, ARD, LBFGS-defaults)",300,500,9500,6,0.3451986312866211,0.06760025024414062,CONVERGENCE: RELATIVE REDUCTION OF F <= FACTR*EPSMCH,38.0,4.393392562866211,0.888421052631579,0.08066074279996016
"GPyTorch Milios Dirichlet (RBF, ARD, LBFGS-defaults)",300,500,9500,6,0.42070841789245605,0.04213142395019531,CONVERGENCE: RELATIVE REDUCTION OF F <= FACTR*EPSMCH,68.0,4.356897354125977,0.8881052631578947,0.08128006619086157
"GP+ GPClassifier (PowerExp, p=learned, LBFGS-defaults)",300,500,9500,6,2.3608310222625732,0.2595381736755371,CONVERGENCE: RELATIVE REDUCTION OF F <= FACTR*EPSMCH,100.0,4.43233585357666,0.8758947368421053,0.0920699699871576
TabPFN Classifier (v2.5 default),300,500,9500,6,0.2190392017364502,3.179234504699707,,,0.10570127406647785,0.8787368421052631,0.08645966715133352
TabPFN Classifier (v2 compatibility),300,500,9500,6,0.12247157096862793,2.930864095687866,,,0.07947220596288182,0.8816842105263157,0.08302573848280365
"GP+ GPClassifier (RBF, ARD, LBFGS-defaults)",500,500,9500,6,0.658679723739624,0.08654499053955078,CONVERGENCE: RELATIVE REDUCTION OF F <= FACTR*EPSMCH,48.0,4.325784206390381,0.8670526315789474,0.0974878158139726
"GP+ GPClassifier (Matern, nu=0.5, ARD, LBFGS-defaults)",500,500,9500,6,0.4080045223236084,0.11984682083129883,CONVERGENCE: RELATIVE REDUCTION OF F <= FACTR*EPSMCH,28.0,4.244576454162598,0.9041052631578947,0.06935824465759294
"GPyTorch Milios Dirichlet (RBF, ARD, LBFGS-defaults)",500,500,9500,6,0.6206245422363281,0.07198262214660645,CONVERGENCE: RELATIVE REDUCTION OF F <= FACTR*EPSMCH,45.0,4.208174705505371,0.9021052631578947,0.069028694569505
"GP+ GPClassifier (PowerExp, p=learned, LBFGS-defaults)",500,500,9500,6,4.373898983001709,0.6451644897460938,CONVERGENCE: RELATIVE REDUCTION OF F <= FACTR*EPSMCH,70.0,4.289984703063965,0.8923157894736842,0.07996634036675353
TabPFN Classifier (v2.5 default),500,500,9500,6,0.15552234649658203,4.944153785705566,,,0.059883312387330266,0.8936842105263157,0.07520973709269474
TabPFN Classifier (v2 compatibility),500,500,9500,6,0.13155007362365723,3.3371946811676025,,,0.03830301860641981,0.8988421052631579,0.07325196013338853
"GP+ GPClassifier (RBF, ARD, LBFGS-defaults)",50,500,9500,7,0.5252480506896973,0.010012626647949219,CONVERGENCE: RELATIVE REDUCTION OF F <= FACTR*EPSMCH,155.0,4.272994041442871,0.6796842105263158,0.28358294209961354
"GP+ GPClassifier (Matern, nu=0.5, ARD, LBFGS-defaults)",50,500,9500,7,0.23087835311889648,0.01301717758178711,CONVERGENCE: RELATIVE REDUCTION OF F <= FACTR*EPSMCH,44.0,4.359328269958496,0.7186315789473684,0.2370855427282092
"GPyTorch Milios Dirichlet (RBF, ARD, LBFGS-defaults)",50,500,9500,7,0.3791816234588623,0.00797414779663086,CONVERGENCE: RELATIVE REDUCTION OF F <= FACTR*EPSMCH,131.0,4.303539276123047,0.740421052631579,0.21024730367157707
"GP+ GPClassifier (PowerExp, p=learned, LBFGS-defaults)",50,500,9500,7,0.5123207569122314,0.04639792442321777,ABNORMAL: ,93.0,4.302029609680176,0.706421052631579,0.2512140768822511
TabPFN Classifier (v2.5 default),50,500,9500,7,0.14505624771118164,3.021106719970703,,,0.10665571564156369,0.7632631578947369,0.16276579170804037
TabPFN Classifier (v2 compatibility),50,500,9500,7,0.11401152610778809,2.6212961673736572,,,0.1153551580767756,0.7743157894736842,0.15738028422682707
"GP+ GPClassifier (RBF, ARD, LBFGS-defaults)",100,500,9500,7,0.466494083404541,0.019469022750854492,CONVERGENCE: RELATIVE REDUCTION OF F <= FACTR*EPSMCH,112.0,4.4122724533081055,0.7854736842105263,0.17419261279121645
"GP+ GPClassifier (Matern, nu=0.5, ARD, LBFGS-defaults)",100,500,9500,7,0.26784706115722656,0.024000883102416992,ABNORMAL: ,36.0,4.382923126220703,0.8047368421052632,0.15213406117175934
"GPyTorch Milios Dirichlet (RBF, ARD, LBFGS-defaults)",100,500,9500,7,0.309342622756958,0.01404261589050293,CONVERGENCE: RELATIVE REDUCTION OF F <= FACTR*EPSMCH,86.0,4.275307655334473,0.7982105263157895,0.1544690049594831
"GP+ GPClassifier (PowerExp, p=learned, LBFGS-defaults)",100,500,9500,7,0.6776325702667236,0.08222103118896484,CONVERGENCE: RELATIVE REDUCTION OF F <= FACTR*EPSMCH,97.0,4.418466567993164,0.7844210526315789,0.17427649077657748
TabPFN Classifier (v2.5 default),100,500,9500,7,0.14110851287841797,2.9614851474761963,,,0.09113891692066442,0.8032631578947368,0.1365750630971372
TabPFN Classifier (v2 compatibility),100,500,9500,7,0.116973876953125,2.6905276775360107,,,0.09735172491905324,0.8085263157894736,0.13483479063209497
"GP+ GPClassifier (RBF, ARD, LBFGS-defaults)",300,500,9500,7,0.532517671585083,0.04693412780761719,CONVERGENCE: RELATIVE REDUCTION OF F <= FACTR*EPSMCH,78.0,4.359104156494141,0.8574736842105263,0.10899000678180341
"GP+ GPClassifier (Matern, nu=0.5, ARD, LBFGS-defaults)",300,500,9500,7,0.2921867370605469,0.06772470474243164,CONVERGENCE: RELATIVE REDUCTION OF F <= FACTR*EPSMCH,36.0,4.234012603759766,0.8849473684210526,0.08469818335427104
"GPyTorch Milios Dirichlet (RBF, ARD, LBFGS-defaults)",300,500,9500,7,0.3887193202972412,0.04227709770202637,CONVERGENCE: RELATIVE REDUCTION OF F <= FACTR*EPSMCH,56.0,4.168906211853027,0.8830526315789474,0.08406057923098571
"GP+ GPClassifier (PowerExp, p=learned, LBFGS-defaults)",300,500,9500,7,2.750321865081787,0.22063946723937988,CONVERGENCE: RELATIVE REDUCTION OF F <= FACTR*EPSMCH,106.0,4.263029098510742,0.8730526315789474,0.09477750545553952
TabPFN Classifier (v2.5 default),300,500,9500,7,0.18615984916687012,3.2079057693481445,,,0.07139866288784631,0.8650526315789474,0.09543735124569105
TabPFN Classifier (v2 compatibility),300,500,9500,7,0.13252019882202148,3.0327069759368896,,,0.06049405359223267,0.863578947368421,0.09635836207103267
"GP+ GPClassifier (RBF, ARD, LBFGS-defaults)",500,500,9500,7,1.2562260627746582,0.09666895866394043,CONVERGENCE: RELATIVE REDUCTION OF F <= FACTR*EPSMCH,93.0,4.3448896408081055,0.8565263157894737,0.1089457246558846
"GP+ GPClassifier (Matern, nu=0.5, ARD, LBFGS-defaults)",500,500,9500,7,0.662714958190918,0.1326146125793457,CONVERGENCE: RELATIVE REDUCTION OF F <= FACTR*EPSMCH,29.0,4.208739280700684,0.8962105263157895,0.07410725836375413
"GPyTorch Milios Dirichlet (RBF, ARD, LBFGS-defaults)",500,500,9500,7,1.188565969467163,0.07853412628173828,CONVERGENCE: RELATIVE REDUCTION OF F <= FACTR*EPSMCH,80.0,4.157937049865723,0.8954736842105263,0.07389473815689691
"GP+ GPClassifier (PowerExp, p=learned, LBFGS-defaults)",500,500,9500,7,3.8071131706237793,0.5626621246337891,CONVERGENCE: RELATIVE REDUCTION OF F <= FACTR*EPSMCH,65.0,4.279423713684082,0.8751578947368421,0.09091794933946774
TabPFN Classifier (v2.5 default),500,500,9500,7,0.15762066841125488,3.477952003479004,,,0.07129068015926772,0.8850526315789473,0.07999673153440577
TabPFN Classifier (v2 compatibility),500,500,9500,7,0.1289830207824707,3.290560007095337,,,0.052821959765814455,0.8922105263157895,0.07435712291919218
"GP+ GPClassifier (RBF, ARD, LBFGS-defaults)",50,500,9500,8,0.31628918647766113,0.010506629943847656,CONVERGENCE: RELATIVE REDUCTION OF F <= FACTR*EPSMCH,95.0,4.647988319396973,0.6950526315789474,0.25972576047110674
"GP+ GPClassifier (Matern, nu=0.5, ARD, LBFGS-defaults)",50,500,9500,8,0.21101641654968262,0.01300048828125,ABNORMAL: ,18.0,5.137086391448975,0.638,0.28092499661444054
"GPyTorch Milios Dirichlet (RBF, ARD, LBFGS-defaults)",50,500,9500,8,0.5287809371948242,0.007512807846069336,CONVERGENCE: RELATIVE REDUCTION OF F <= FACTR*EPSMCH,186.0,4.505790710449219,0.7147368421052631,0.2286627078461266
"GP+ GPClassifier (PowerExp, p=learned, LBFGS-defaults)",50,500,9500,8,0.3500368595123291,0.043910980224609375,CONVERGENCE: RELATIVE REDUCTION OF F <= FACTR*EPSMCH,70.0,4.629616737365723,0.7082105263157895,0.24372612138028776
TabPFN Classifier (v2.5 default),50,500,9500,8,0.1455082893371582,3.086167335510254,,,0.18684020913815697,0.7397894736842106,0.17190116490856186
TabPFN Classifier (v2 compatibility),50,500,9500,8,0.12481999397277832,2.5655124187469482,,,0.22666756684046419,0.7530526315789474,0.16469537199595513
"GP+ GPClassifier (RBF, ARD, LBFGS-defaults)",100,500,9500,8,0.4452641010284424,0.016002893447875977,CONVERGENCE: RELATIVE REDUCTION OF F <= FACTR*EPSMCH,125.0,4.69307804107666,0.8145263157894737,0.14363341846324587
"GP+ GPClassifier (Matern, nu=0.5, ARD, LBFGS-defaults)",100,500,9500,8,0.18153977394104004,0.02100205421447754,CONVERGENCE: RELATIVE REDUCTION OF F <= FACTR*EPSMCH,33.0,4.674614906311035,0.8330526315789474,0.12569027694985202
"GPyTorch Milios Dirichlet (RBF, ARD, LBFGS-defaults)",100,500,9500,8,0.17325377464294434,0.012039899826049805,CONVERGENCE: RELATIVE REDUCTION OF F <= FACTR*EPSMCH,56.0,4.598589897155762,0.8352631578947368,0.12607687780038648
"GP+ GPClassifier (PowerExp, p=learned, LBFGS-defaults)",100,500,9500,8,0.5582506656646729,0.08583545684814453,CONVERGENCE: RELATIVE REDUCTION OF F <= FACTR*EPSMCH,82.0,4.703365325927734,0.8313684210526315,0.12618524888068172
TabPFN Classifier (v2.5 default),100,500,9500,8,0.15516233444213867,3.037545680999756,,,0.2047737096372524,0.8181052631578948,0.12674190528089121
TabPFN Classifier (v2 compatibility),100,500,9500,8,0.11567211151123047,2.6963672637939453,,,0.20649451803264224,0.8162105263157895,0.12716057168978032
"GP+ GPClassifier (RBF, ARD, LBFGS-defaults)",300,500,9500,8,0.5996994972229004,0.05254793167114258,CONVERGENCE: RELATIVE REDUCTION OF F <= FACTR*EPSMCH,90.0,4.517413139343262,0.8369473684210527,0.12451922124809121
"GP+ GPClassifier (Matern, nu=0.5, ARD, LBFGS-defaults)",300,500,9500,8,0.46071934700012207,0.06473493576049805,CONVERGENCE: RELATIVE REDUCTION OF F <= FACTR*EPSMCH,46.0,4.427708625793457,0.9001052631578947,0.07137577659734749
"GPyTorch Milios Dirichlet (RBF, ARD, LBFGS-defaults)",300,500,9500,8,0.4751410484313965,0.03751993179321289,CONVERGENCE: RELATIVE REDUCTION OF F <= FACTR*EPSMCH,71.0,4.379002571105957,0.8834736842105263,0.08242495167213902
"GP+ GPClassifier (PowerExp, p=learned, LBFGS-defaults)",300,500,9500,8,2.2171342372894287,0.24665451049804688,CONVERGENCE: RELATIVE REDUCTION OF F <= FACTR*EPSMCH,92.0,4.467005729675293,0.879578947368421,0.08843819321845334
TabPFN Classifier (v2.5 default),300,500,9500,8,0.2299811840057373,3.153540849685669,,,0.12549140714989343,0.8634736842105263,0.09419092378911877
TabPFN Classifier (v2 compatibility),300,500,9500,8,0.12347102165222168,2.949591875076294,,,0.1176923925598143,0.8652631578947368,0.09326930611052878
"GP+ GPClassifier (RBF, ARD, LBFGS-defaults)",500,500,9500,8,0.834963321685791,0.08920955657958984,CONVERGENCE: RELATIVE REDUCTION OF F <= FACTR*EPSMCH,62.0,4.378050804138184,0.8685263157894737,0.09910190284089425
"GP+ GPClassifier (Matern, nu=0.5, ARD, LBFGS-defaults)",500,500,9500,8,0.6020989418029785,0.12659811973571777,CONVERGENCE: RELATIVE REDUCTION OF F <= FACTR*EPSMCH,28.0,4.266965866088867,0.9111578947368421,0.06436589702172267
"GPyTorch Milios Dirichlet (RBF, ARD, LBFGS-defaults)",500,500,9500,8,0.7174758911132812,0.08453059196472168,CONVERGENCE: RELATIVE REDUCTION OF F <= FACTR*EPSMCH,61.0,4.223992347717285,0.9103157894736842,0.06365249330871642
"GP+ GPClassifier (PowerExp, p=learned, LBFGS-defaults)",500,500,9500,8,3.6801109313964844,0.6265149116516113,CONVERGENCE: RELATIVE REDUCTION OF F <= FACTR*EPSMCH,58.0,4.310878753662109,0.8934736842105263,0.07768909381875234
TabPFN Classifier (v2.5 default),500,500,9500,8,0.15257835388183594,3.5026938915252686,,,0.06446025516996534,0.8969473684210526,0.07270741703936794
TabPFN Classifier (v2 compatibility),500,500,9500,8,0.13150787353515625,3.358264446258545,,,0.04183189524690611,0.9038947368421053,0.06748299993888089
"GP+ GPClassifier (RBF, ARD, LBFGS-defaults)",50,500,9500,9,0.40581822395324707,0.011004209518432617,CONVERGENCE: RELATIVE REDUCTION OF F <= FACTR*EPSMCH,102.0,4.68470573425293,0.7074736842105264,0.24044050322640234
"GP+ GPClassifier (Matern, nu=0.5, ARD, LBFGS-defaults)",50,500,9500,9,0.07700014114379883,0.01300501823425293,CONVERGENCE: RELATIVE REDUCTION OF F <= FACTR*EPSMCH,15.0,5.137312889099121,0.638,0.2809227492630238
"GPyTorch Milios Dirichlet (RBF, ARD, LBFGS-defaults)",50,500,9500,9,0.32018423080444336,0.00900125503540039,CONVERGENCE: RELATIVE REDUCTION OF F <= FACTR*EPSMCH,102.0,4.691431045532227,0.6752631578947368,0.26488759536873574
"GP+ GPClassifier (PowerExp, p=learned, LBFGS-defaults)",50,500,9500,9,0.7292606830596924,0.04300045967102051,CONVERGENCE: RELATIVE REDUCTION OF F <= FACTR*EPSMCH,103.0,4.545534133911133,0.6346315789473684,0.31715347514202186
TabPFN Classifier (v2.5 default),50,500,9500,9,0.15833139419555664,3.0332231521606445,,,0.20039520171987327,0.7027368421052631,0.193624008190272
TabPFN Classifier (v2 compatibility),50,500,9500,9,0.1220545768737793,2.59867262840271,,,0.2818151773054494,0.6902105263157895,0.20243640670151947
"GP+ GPClassifier (RBF, ARD, LBFGS-defaults)",100,500,9500,9,0.4240720272064209,0.01852583885192871,CONVERGENCE: RELATIVE REDUCTION OF F <= FACTR*EPSMCH,94.0,4.57746696472168,0.738,0.2175110724656027
"GP+ GPClassifier (Matern, nu=0.5, ARD, LBFGS-defaults)",100,500,9500,9,0.2650136947631836,0.024533748626708984,CONVERGENCE: RELATIVE REDUCTION OF F <= FACTR*EPSMCH,43.0,4.668911933898926,0.769578947368421,0.17920149630922444
"GPyTorch Milios Dirichlet (RBF, ARD, LBFGS-defaults)",100,500,9500,9,0.3580765724182129,0.01854705810546875,CONVERGENCE: RELATIVE REDUCTION OF F <= FACTR*EPSMCH,84.0,4.585965156555176,0.8068421052631579,0.1432488632602036
"GP+ GPClassifier (PowerExp, p=learned, LBFGS-defaults)",100,500,9500,9,0.7441971302032471,0.07755899429321289,CONVERGENCE: RELATIVE REDUCTION OF F <= FACTR*EPSMCH,92.0,4.577580451965332,0.738,0.21745138041104886
TabPFN Classifier (v2.5 default),100,500,9500,9,0.1405479907989502,2.970561981201172,,,0.17048698472670545,0.793578947368421,0.1399329610918489
TabPFN Classifier (v2 compatibility),100,500,9500,9,0.12496161460876465,2.6990270614624023,,,0.22435129075927157,0.7984210526315789,0.14186975081583783
"GP+ GPClassifier (RBF, ARD, LBFGS-defaults)",300,500,9500,9,0.6450784206390381,0.047586679458618164,CONVERGENCE: RELATIVE REDUCTION OF F <= FACTR*EPSMCH,90.0,4.59840202331543,0.8261052631578948,0.13106750192107372
"GP+ GPClassifier (Matern, nu=0.5, ARD, LBFGS-defaults)",300,500,9500,9,0.3316061496734619,0.06379914283752441,CONVERGENCE: RELATIVE REDUCTION OF F <= FACTR*EPSMCH,38.0,4.461030006408691,0.9089473684210526,0.06565835378451834
"GPyTorch Milios Dirichlet (RBF, ARD, LBFGS-defaults)",300,500,9500,9,0.6011617183685303,0.03854656219482422,CONVERGENCE: RELATIVE REDUCTION OF F <= FACTR*EPSMCH,99.0,4.4267778396606445,0.9002105263157895,0.06981343357525162
"GP+ GPClassifier (PowerExp, p=learned, LBFGS-defaults)",300,500,9500,9,2.8436527252197266,0.2715170383453369,CONVERGENCE: RELATIVE REDUCTION OF F <= FACTR*EPSMCH,109.0,4.4822306632995605,0.8826315789473684,0.0853024533641087
TabPFN Classifier (v2.5 default),300,500,9500,9,0.24079346656799316,3.1608099937438965,,,0.09763561409464239,0.886,0.0818443367942117
TabPFN Classifier (v2 compatibility),300,500,9500,9,0.1280231475830078,3.021221160888672,,,0.07443240750164669,0.8874736842105263,0.08026980608932248
"GP+ GPClassifier (RBF, ARD, LBFGS-defaults)",500,500,9500,9,0.5312488079071045,0.10290241241455078,CONVERGENCE: RELATIVE REDUCTION OF F <= FACTR*EPSMCH,32.0,4.4080810546875,0.8914736842105263,0.08042204839224577
"GP+ GPClassifier (Matern, nu=0.5, ARD, LBFGS-defaults)",500,500,9500,9,0.9297313690185547,0.11770749092102051,ABNORMAL: ,31.0,4.2825775146484375,0.9256842105263158,0.05429631300941458
"GPyTorch Milios Dirichlet (RBF, ARD, LBFGS-defaults)",500,500,9500,9,1.3809154033660889,0.08653903007507324,CONVERGENCE: RELATIVE REDUCTION OF F <= FACTR*EPSMCH,100.0,4.252368927001953,0.9218947368421052,0.05460442598316811
"GP+ GPClassifier (PowerExp, p=learned, LBFGS-defaults)",500,500,9500,9,4.462805509567261,0.642406702041626,CONVERGENCE: RELATIVE REDUCTION OF F <= FACTR*EPSMCH,73.0,4.3203840255737305,0.8974736842105263,0.07328407154540127
TabPFN Classifier (v2.5 default),500,500,9500,9,0.16903138160705566,3.4447474479675293,,,0.039182454785992034,0.897578947368421,0.07232927162353071
TabPFN Classifier (v2 compatibility),500,500,9500,9,0.1255970001220703,3.2984824180603027,,,0.028048279206420033,0.9004210526315789,0.07116352878802913
"GP+ GPClassifier (RBF, ARD, LBFGS-defaults)",50,500,9500,10,0.5493078231811523,0.01121211051940918,CONVERGENCE: RELATIVE REDUCTION OF F <= FACTR*EPSMCH,169.0,4.089744567871094,0.7497894736842106,0.21218345228237914
"GP+ GPClassifier (Matern, nu=0.5, ARD, LBFGS-defaults)",50,500,9500,10,0.16409945487976074,0.013002395629882812,CONVERGENCE: RELATIVE REDUCTION OF F <= FACTR*EPSMCH,38.0,4.4225382804870605,0.742,0.2128205148613525
"GPyTorch Milios Dirichlet (RBF, ARD, LBFGS-defaults)",50,500,9500,10,0.24453330039978027,0.007009744644165039,CONVERGENCE: RELATIVE REDUCTION OF F <= FACTR*EPSMCH,84.0,4.32414436340332,0.7394736842105263,0.21381512937706354
"GP+ GPClassifier (PowerExp, p=learned, LBFGS-defaults)",50,500,9500,10,0.8824129104614258,0.04533815383911133,CONVERGENCE: RELATIVE REDUCTION OF F <= FACTR*EPSMCH,158.0,4.088798522949219,0.7508421052631579,0.20835122251000954
TabPFN Classifier (v2.5 default),50,500,9500,10,0.14670467376708984,3.020838975906372,,,0.1193498474516455,0.7821052631578947,0.1491773036104435
TabPFN Classifier (v2 compatibility),50,500,9500,10,0.1130683422088623,2.596118450164795,,,0.21845314639366367,0.7841052631578947,0.1499818197103496
"GP+ GPClassifier (RBF, ARD, LBFGS-defaults)",100,500,9500,10,0.24648451805114746,0.017003774642944336,ABNORMAL: ,49.0,4.399458885192871,0.7686315789473684,0.19028341519912212
"GP+ GPClassifier (Matern, nu=0.5, ARD, LBFGS-defaults)",100,500,9500,10,0.197556734085083,0.02299952507019043,CONVERGENCE: RELATIVE REDUCTION OF F <= FACTR*EPSMCH,38.0,4.452229022979736,0.7765263157894737,0.17640383286046324
"GPyTorch Milios Dirichlet (RBF, ARD, LBFGS-defaults)",100,500,9500,10,0.32442688941955566,0.013001680374145508,CONVERGENCE: RELATIVE REDUCTION OF F <= FACTR*EPSMCH,103.0,4.349665641784668,0.7912631578947369,0.16087200370981622
"GP+ GPClassifier (PowerExp, p=learned, LBFGS-defaults)",100,500,9500,10,0.36908793449401855,0.07697772979736328,CONVERGENCE: RELATIVE REDUCTION OF F <= FACTR*EPSMCH,57.0,4.367536544799805,0.7938947368421052,0.16305665424772647
TabPFN Classifier (v2.5 default),100,500,9500,10,0.1701951026916504,2.9432711601257324,,,0.06011174336180132,0.8036842105263158,0.13711320369566385
TabPFN Classifier (v2 compatibility),100,500,9500,10,0.1186208724975586,2.7195422649383545,,,0.15464034749343358,0.8057894736842105,0.1330599842091174
"GP+ GPClassifier (RBF, ARD, LBFGS-defaults)",300,500,9500,10,0.42990851402282715,0.04649710655212402,CONVERGENCE: RELATIVE REDUCTION OF F <= FACTR*EPSMCH,60.0,4.251368522644043,0.8445263157894737,0.12037943697770927
"GP+ GPClassifier (Matern, nu=0.5, ARD, LBFGS-defaults)",300,500,9500,10,0.30507826805114746,0.07453513145446777,CONVERGENCE: RELATIVE REDUCTION OF F <= FACTR*EPSMCH,34.0,4.272896766662598,0.8727368421052631,0.09265326140215557
"GPyTorch Milios Dirichlet (RBF, ARD, LBFGS-defaults)",300,500,9500,10,0.9584572315216064,0.049593210220336914,ABNORMAL: ,145.0,4.234073638916016,0.876421052631579,0.09030267307016132
"GP+ GPClassifier (PowerExp, p=learned, LBFGS-defaults)",300,500,9500,10,2.4761476516723633,0.2335987091064453,CONVERGENCE: RELATIVE REDUCTION OF F <= FACTR*EPSMCH,95.0,4.232659339904785,0.8496842105263158,0.11319451867582996
TabPFN Classifier (v2.5 default),300,500,9500,10,0.21773529052734375,3.210855484008789,,,0.030648310202086363,0.8602105263157894,0.09707853953114141
TabPFN Classifier (v2 compatibility),300,500,9500,10,0.14710402488708496,3.002969264984131,,,0.04095843728914736,0.866,0.09297757938735723
"GP+ GPClassifier (RBF, ARD, LBFGS-defaults)",500,500,9500,10,0.6617176532745361,0.09557175636291504,CONVERGENCE: RELATIVE REDUCTION OF F <= FACTR*EPSMCH,50.0,4.334409713745117,0.8677894736842106,0.10080763762248587
"GP+ GPClassifier (Matern, nu=0.5, ARD, LBFGS-defaults)",500,500,9500,10,0.7416281700134277,0.11618757247924805,CONVERGENCE: RELATIVE REDUCTION OF F <= FACTR*EPSMCH,34.0,4.234153747558594,0.9087368421052632,0.06623659209525909
"GPyTorch Milios Dirichlet (RBF, ARD, LBFGS-defaults)",500,500,9500,10,0.7613503932952881,0.08561301231384277,CONVERGENCE: RELATIVE REDUCTION OF F <= FACTR*EPSMCH,56.0,4.188786506652832,0.9117894736842105,0.06308118156239051
"GP+ GPClassifier (PowerExp, p=learned, LBFGS-defaults)",500,500,9500,10,4.1098833084106445,0.7002367973327637,CONVERGENCE: RELATIVE REDUCTION OF F <= FACTR*EPSMCH,57.0,4.265105247497559,0.8931578947368422,0.07783098985187407
TabPFN Classifier (v2.5 default),500,500,9500,10,0.2126772403717041,3.942502021789551,,,0.03901391540456986,0.8985263157894737,0.0718846164414234
TabPFN Classifier (v2 compatibility),500,500,9500,10,0.1995077133178711,3.486558198928833,,,0.0301528560574355,0.9048421052631579,0.06727596314566206
"GP+ GPClassifier (RBF, ARD, LBFGS-defaults)",50,500,9500,11,0.5609633922576904,0.032517194747924805,CONVERGENCE: RELATIVE REDUCTION OF F <= FACTR*EPSMCH,79.0,4.908425331115723,0.7134736842105264,0.21205190642022922
"GP+ GPClassifier (Matern, nu=0.5, ARD, LBFGS-defaults)",50,500,9500,11,0.24690532684326172,0.03254103660583496,ABNORMAL: ,14.0,5.137377738952637,0.638,0.28105251905930695
"GPyTorch Milios Dirichlet (RBF, ARD, LBFGS-defaults)",50,500,9500,11,0.8155617713928223,0.01051187515258789,CONVERGENCE: RELATIVE REDUCTION OF F <= FACTR*EPSMCH,147.0,4.871607780456543,0.7434736842105263,0.1995506057698483
"GP+ GPClassifier (PowerExp, p=learned, LBFGS-defaults)",50,500,9500,11,0.859520435333252,0.06599974632263184,CONVERGENCE: RELATIVE REDUCTION OF F <= FACTR*EPSMCH,80.0,4.813163757324219,0.5970526315789474,0.33491816922011475
TabPFN Classifier (v2.5 default),50,500,9500,11,0.19932222366333008,3.1431922912597656,,,0.404007832376023,0.6992631578947368,0.19100197437644356
TabPFN Classifier (v2 compatibility),50,500,9500,11,0.17661666870117188,2.976919651031494,,,0.46670785830391326,0.7721052631578947,0.17389325742311781
"GP+ GPClassifier (RBF, ARD, LBFGS-defaults)",100,500,9500,11,0.6491456031799316,0.017523527145385742,CONVERGENCE: RELATIVE REDUCTION OF F <= FACTR*EPSMCH,80.0,4.597367286682129,0.7786315789473685,0.1689139773170849
"GP+ GPClassifier (Matern, nu=0.5, ARD, LBFGS-defaults)",100,500,9500,11,0.33254528045654297,0.02425551414489746,CONVERGENCE: RELATIVE REDUCTION OF F <= FACTR*EPSMCH,34.0,4.632818698883057,0.7917894736842105,0.16097862606828792
"GPyTorch Milios Dirichlet (RBF, ARD, LBFGS-defaults)",100,500,9500,11,0.5873939990997314,0.013014554977416992,ABNORMAL: ,92.0,4.55945348739624,0.8058947368421052,0.1452045621153676
"GP+ GPClassifier (PowerExp, p=learned, LBFGS-defaults)",100,500,9500,11,0.6585695743560791,0.10722684860229492,CONVERGENCE: RELATIVE REDUCTION OF F <= FACTR*EPSMCH,52.0,4.600777626037598,0.7713684210526316,0.18057267030918947
TabPFN Classifier (v2.5 default),100,500,9500,11,0.1982746124267578,3.268399238586426,,,0.17029130820370464,0.7921052631578948,0.13934148449603612
TabPFN Classifier (v2 compatibility),100,500,9500,11,0.13402581214904785,3.129080295562744,,,0.2307124616206784,0.7931578947368421,0.13933641534760968
"GP+ GPClassifier (RBF, ARD, LBFGS-defaults)",300,500,9500,11,1.4891345500946045,0.057997941970825195,CONVERGENCE: RELATIVE REDUCTION OF F <= FACTR*EPSMCH,105.0,4.457895278930664,0.8471578947368421,0.11667220611829077
"GP+ GPClassifier (Matern, nu=0.5, ARD, LBFGS-defaults)",300,500,9500,11,0.7385010719299316,0.10562896728515625,CONVERGENCE: RELATIVE REDUCTION OF F <= FACTR*EPSMCH,40.0,4.368663787841797,0.8878947368421053,0.07969755243045862
"GPyTorch Milios Dirichlet (RBF, ARD, LBFGS-defaults)",300,500,9500,11,0.8384547233581543,0.04952430725097656,CONVERGENCE: RELATIVE REDUCTION OF F <= FACTR*EPSMCH,71.0,4.299880027770996,0.8866315789473684,0.08081030540371657
"GP+ GPClassifier (PowerExp, p=learned, LBFGS-defaults)",300,500,9500,11,2.621938943862915,0.4060478210449219,CONVERGENCE: RELATIVE REDUCTION OF F <= FACTR*EPSMCH,77.0,4.406149864196777,0.8847368421052632,0.08359295022116195
TabPFN Classifier (v2.5 default),300,500,9500,11,0.19827651977539062,3.431201934814453,,,0.09234290026690939,0.8653684210526316,0.09304008388465948
TabPFN Classifier (v2 compatibility),300,500,9500,11,0.16312336921691895,3.3326597213745117,,,0.09956995002878509,0.8672631578947368,0.09173457699712308
"GP+ GPClassifier (RBF, ARD, LBFGS-defaults)",500,500,9500,11,0.7971632480621338,0.127516508102417,CONVERGENCE: RELATIVE REDUCTION OF F <= FACTR*EPSMCH,38.0,4.440569877624512,0.8849473684210526,0.08538745037419862
"GP+ GPClassifier (Matern, nu=0.5, ARD, LBFGS-defaults)",500,500,9500,11,0.896897554397583,0.141035795211792,CONVERGENCE: RELATIVE REDUCTION OF F <= FACTR*EPSMCH,30.0,4.280703544616699,0.9171578947368421,0.05717377524882596
"GPyTorch Milios Dirichlet (RBF, ARD, LBFGS-defaults)",500,500,9500,11,1.7226707935333252,0.0875406265258789,CONVERGENCE: RELATIVE REDUCTION OF F <= FACTR*EPSMCH,85.0,4.213360786437988,0.9177894736842105,0.0585820162164703
"GP+ GPClassifier (PowerExp, p=learned, LBFGS-defaults)",500,500,9500,11,6.971864938735962,0.6908326148986816,ABNORMAL: ,70.0,4.324146270751953,0.9010526315789473,0.0703430415797984
TabPFN Classifier (v2.5 default),500,500,9500,11,0.2551727294921875,4.283814191818237,,,0.07209752978887252,0.8909473684210526,0.07711126512169288
TabPFN Classifier (v2 compatibility),500,500,9500,11,0.16930031776428223,3.584273338317871,,,0.056222473780782524,0.902,0.06966666180911138
"GP+ GPClassifier (RBF, ARD, LBFGS-defaults)",50,500,9500,12,0.4719374179840088,0.016002178192138672,CONVERGENCE: RELATIVE REDUCTION OF F <= FACTR*EPSMCH,85.0,4.473209381103516,0.6572631578947369,0.2911902790731697
"GP+ GPClassifier (Matern, nu=0.5, ARD, LBFGS-defaults)",50,500,9500,12,0.15636110305786133,0.015999317169189453,CONVERGENCE: RELATIVE REDUCTION OF F <= FACTR*EPSMCH,19.0,5.13712215423584,0.638,0.281229375374131
"GPyTorch Milios Dirichlet (RBF, ARD, LBFGS-defaults)",50,500,9500,12,0.48058009147644043,0.009999513626098633,CONVERGENCE: RELATIVE REDUCTION OF F <= FACTR*EPSMCH,107.0,4.56066370010376,0.7241052631578947,0.22484444696982772
"GP+ GPClassifier (PowerExp, p=learned, LBFGS-defaults)",50,500,9500,12,0.6315782070159912,0.05402708053588867,CONVERGENCE: RELATIVE REDUCTION OF F <= FACTR*EPSMCH,71.0,4.5423994064331055,0.6882105263157895,0.2602136406206733
TabPFN Classifier (v2.5 default),50,500,9500,12,0.18243026733398438,3.8202946186065674,,,0.19017346430690762,0.7543157894736842,0.16839392151991256
TabPFN Classifier (v2 compatibility),50,500,9500,12,0.16745853424072266,3.0134191513061523,,,0.2659351872339692,0.7523157894736842,0.168923279051492
"GP+ GPClassifier (RBF, ARD, LBFGS-defaults)",100,500,9500,12,0.5208737850189209,0.022116422653198242,CONVERGENCE: RELATIVE REDUCTION OF F <= FACTR*EPSMCH,81.0,4.83221960067749,0.7864210526315789,0.162588345237579
"GP+ GPClassifier (Matern, nu=0.5, ARD, LBFGS-defaults)",100,500,9500,12,0.4172186851501465,0.024999380111694336,CONVERGENCE: RELATIVE REDUCTION OF F <= FACTR*EPSMCH,46.0,4.86739444732666,0.85,0.1081844658224638
"GPyTorch Milios Dirichlet (RBF, ARD, LBFGS-defaults)",100,500,9500,12,0.4944620132446289,0.014505624771118164,CONVERGENCE: RELATIVE REDUCTION OF F <= FACTR*EPSMCH,82.0,4.790461540222168,0.8369473684210527,0.1181170851016863
"GP+ GPClassifier (PowerExp, p=learned, LBFGS-defaults)",100,500,9500,12,0.7423241138458252,0.09451436996459961,CONVERGENCE: RELATIVE REDUCTION OF F <= FACTR*EPSMCH,58.0,4.832244873046875,0.7857894736842105,0.16285547375965992
TabPFN Classifier (v2.5 default),100,500,9500,12,0.3894312381744385,3.253779649734497,,,0.31014332413379736,0.8170526315789474,0.14153831017556234
TabPFN Classifier (v2 compatibility),100,500,9500,12,0.17458367347717285,3.066467046737671,,,0.3729224421841383,0.8150526315789474,0.13976029721231398
"GP+ GPClassifier (RBF, ARD, LBFGS-defaults)",300,500,9500,12,0.6217200756072998,0.07700610160827637,CONVERGENCE: RELATIVE REDUCTION OF F <= FACTR*EPSMCH,43.0,4.561573028564453,0.8433684210526315,0.11947042041223555
"GP+ GPClassifier (Matern, nu=0.5, ARD, LBFGS-defaults)",300,500,9500,12,0.7519059181213379,0.07651233673095703,CONVERGENCE: RELATIVE REDUCTION OF F <= FACTR*EPSMCH,41.0,4.487519264221191,0.9012631578947369,0.07101601353952515
"GPyTorch Milios Dirichlet (RBF, ARD, LBFGS-defaults)",300,500,9500,12,1.3958160877227783,0.0492403507232666,CONVERGENCE: RELATIVE REDUCTION OF F <= FACTR*EPSMCH,117.0,4.438462257385254,0.89,0.07817196243996691
"GP+ GPClassifier (PowerExp, p=learned, LBFGS-defaults)",300,500,9500,12,2.639568328857422,0.2929058074951172,CONVERGENCE: RELATIVE REDUCTION OF F <= FACTR*EPSMCH,72.0,4.5443830490112305,0.8621052631578947,0.10236379853050842
TabPFN Classifier (v2.5 default),300,500,9500,12,0.3252389430999756,3.6129794120788574,,,0.10277715448120586,0.884421052631579,0.08445364982094632
TabPFN Classifier (v2 compatibility),300,500,9500,12,0.2272627353668213,3.324127197265625,,,0.14384727143174,0.8832631578947369,0.08427631088775933
"GP+ GPClassifier (RBF, ARD, LBFGS-defaults)",500,500,9500,12,1.9714999198913574,0.10741472244262695,CONVERGENCE: RELATIVE REDUCTION OF F <= FACTR*EPSMCH,99.0,4.445553779602051,0.8581052631578947,0.1064173346290841
"GP+ GPClassifier (Matern, nu=0.5, ARD, LBFGS-defaults)",500,500,9500,12,1.0345125198364258,0.13536977767944336,CONVERGENCE: RELATIVE REDUCTION OF F <= FACTR*EPSMCH,40.0,4.348513603210449,0.9084210526315789,0.06449408554359026
"GPyTorch Milios Dirichlet (RBF, ARD, LBFGS-defaults)",500,500,9500,12,1.220170021057129,0.09249210357666016,CONVERGENCE: RELATIVE REDUCTION OF F <= FACTR*EPSMCH,55.0,4.314798355102539,0.901578947368421,0.06992436726523954
"GP+ GPClassifier (PowerExp, p=learned, LBFGS-defaults)",500,500,9500,12,6.07416296005249,0.6867861747741699,CONVERGENCE: RELATIVE REDUCTION OF F <= FACTR*EPSMCH,75.0,4.404350280761719,0.8826315789473684,0.08638262129376398
TabPFN Classifier (v2.5 default),500,500,9500,12,0.1973714828491211,3.799639940261841,,,0.04916607307923816,0.907157894736842,0.06621539069551102
TabPFN Classifier (v2 compatibility),500,500,9500,12,0.13646578788757324,5.0191309452056885,,,0.04696803645588711,0.9143157894736842,0.06150526724244511
"GP+ GPClassifier (RBF, ARD, LBFGS-defaults)",50,500,9500,13,1.0089609622955322,0.010996580123901367,CONVERGENCE: RELATIVE REDUCTION OF F <= FACTR*EPSMCH,154.0,4.437020301818848,0.6930526315789474,0.2677996174677754
"GP+ GPClassifier (Matern, nu=0.5, ARD, LBFGS-defaults)",50,500,9500,13,0.10593271255493164,0.03551506996154785,CONVERGENCE: RELATIVE REDUCTION OF F <= FACTR*EPSMCH,15.0,5.137154579162598,0.638,0.28061856049672457
"GPyTorch Milios Dirichlet (RBF, ARD, LBFGS-defaults)",50,500,9500,13,1.2618341445922852,0.009007930755615234,CONVERGENCE: RELATIVE REDUCTION OF F <= FACTR*EPSMCH,193.0,4.464348793029785,0.7101052631578947,0.23582048941804112
"GP+ GPClassifier (PowerExp, p=learned, LBFGS-defaults)",50,500,9500,13,0.8990752696990967,0.055193424224853516,CONVERGENCE: RELATIVE REDUCTION OF F <= FACTR*EPSMCH,99.0,4.432413101196289,0.6955789473684211,0.2668051669625395
TabPFN Classifier (v2.5 default),50,500,9500,13,0.20412898063659668,3.3421504497528076,,,0.20609602251929304,0.7369473684210527,0.17322151893377363
TabPFN Classifier (v2 compatibility),50,500,9500,13,0.13353323936462402,2.802394151687622,,,0.2713700874030351,0.7433684210526316,0.17018367411058136
"GP+ GPClassifier (RBF, ARD, LBFGS-defaults)",100,500,9500,13,0.6032752990722656,0.017476558685302734,CONVERGENCE: RELATIVE REDUCTION OF F <= FACTR*EPSMCH,93.0,4.541730880737305,0.7987368421052632,0.15523121359853115
"GP+ GPClassifier (Matern, nu=0.5, ARD, LBFGS-defaults)",100,500,9500,13,0.3205423355102539,0.023799419403076172,CONVERGENCE: RELATIVE REDUCTION OF F <= FACTR*EPSMCH,38.0,4.60282039642334,0.8392631578947368,0.11951852683833883
"GPyTorch Milios Dirichlet (RBF, ARD, LBFGS-defaults)",100,500,9500,13,0.4605410099029541,0.014512300491333008,CONVERGENCE: RELATIVE REDUCTION OF F <= FACTR*EPSMCH,91.0,4.555902481079102,0.8313684210526315,0.12336946016523957
"GP+ GPClassifier (PowerExp, p=learned, LBFGS-defaults)",100,500,9500,13,1.1136882305145264,0.08687067031860352,CONVERGENCE: RELATIVE REDUCTION OF F <= FACTR*EPSMCH,136.0,4.540707111358643,0.7988421052631579,0.15438390815956193
TabPFN Classifier (v2.5 default),100,500,9500,13,0.17876362800598145,3.18648624420166,,,0.1674846886843191,0.8214736842105264,0.12514794111969213
TabPFN Classifier (v2 compatibility),100,500,9500,13,0.12404632568359375,2.767119884490967,,,0.22180033287189793,0.8156842105263158,0.12961137181206145
"GP+ GPClassifier (RBF, ARD, LBFGS-defaults)",300,500,9500,13,0.7649798393249512,0.04817605018615723,ABNORMAL: ,75.0,4.647675037384033,0.8174736842105264,0.13936027774441084
"GP+ GPClassifier (Matern, nu=0.5, ARD, LBFGS-defaults)",300,500,9500,13,0.3770577907562256,0.07129907608032227,CONVERGENCE: RELATIVE REDUCTION OF F <= FACTR*EPSMCH,33.0,4.528674602508545,0.8701052631578947,0.09139800496011503
"GPyTorch Milios Dirichlet (RBF, ARD, LBFGS-defaults)",300,500,9500,13,0.8966629505157471,0.047301530838012695,CONVERGENCE: RELATIVE REDUCTION OF F <= FACTR*EPSMCH,103.0,4.4971771240234375,0.8643157894736843,0.09718126931525015
"GP+ GPClassifier (PowerExp, p=learned, LBFGS-defaults)",300,500,9500,13,2.053041458129883,0.27571964263916016,CONVERGENCE: RELATIVE REDUCTION OF F <= FACTR*EPSMCH,58.0,4.584942817687988,0.8557894736842105,0.10549790457069076
TabPFN Classifier (v2.5 default),300,500,9500,13,0.2757298946380615,3.2806479930877686,,,0.08863520605112901,0.8726315789473684,0.0900698981437317
TabPFN Classifier (v2 compatibility),300,500,9500,13,0.1510930061340332,3.0126118659973145,,,0.08930702842244685,0.8751578947368421,0.08864124865541788
"GP+ GPClassifier (RBF, ARD, LBFGS-defaults)",500,500,9500,13,1.3105335235595703,0.10395598411560059,CONVERGENCE: RELATIVE REDUCTION OF F <= FACTR*EPSMCH,79.0,4.533941268920898,0.8745263157894737,0.09234077645629361
"GP+ GPClassifier (Matern, nu=0.5, ARD, LBFGS-defaults)",500,500,9500,13,1.015622615814209,0.13600420951843262,CONVERGENCE: RELATIVE REDUCTION OF F <= FACTR*EPSMCH,43.0,4.391973972320557,0.9108421052631579,0.06165959558657042
"GPyTorch Milios Dirichlet (RBF, ARD, LBFGS-defaults)",500,500,9500,13,1.557051658630371,0.09546613693237305,CONVERGENCE: RELATIVE REDUCTION OF F <= FACTR*EPSMCH,98.0,4.358905792236328,0.9149473684210526,0.060393382979626695
"GP+ GPClassifier (PowerExp, p=learned, LBFGS-defaults)",500,500,9500,13,4.335240364074707,0.6844921112060547,CONVERGENCE: RELATIVE REDUCTION OF F <= FACTR*EPSMCH,60.0,4.484927177429199,0.8983157894736842,0.07450257014820631
TabPFN Classifier (v2.5 default),500,500,9500,13,0.21403813362121582,3.569761276245117,,,0.08820989416454271,0.8978947368421053,0.07162780665583099
TabPFN Classifier (v2 compatibility),500,500,9500,13,0.17647266387939453,3.5350089073181152,,,0.07383611851292508,0.9069473684210526,0.06791705081743851
"GP+ GPClassifier (RBF, ARD, LBFGS-defaults)",50,500,9500,14,0.7864863872528076,0.010921955108642578,CONVERGENCE: RELATIVE REDUCTION OF F <= FACTR*EPSMCH,118.0,4.809564590454102,0.6831578947368421,0.26594402278796186
"GP+ GPClassifier (Matern, nu=0.5, ARD, LBFGS-defaults)",50,500,9500,14,0.16212153434753418,0.013781547546386719,ABNORMAL: ,15.0,5.137284755706787,0.638,0.28179955622627295
"GPyTorch Milios Dirichlet (RBF, ARD, LBFGS-defaults)",50,500,9500,14,0.8259906768798828,0.010104894638061523,CONVERGENCE: RELATIVE REDUCTION OF F <= FACTR*EPSMCH,160.0,4.757181167602539,0.7136842105263158,0.21952498159020553
"GP+ GPClassifier (PowerExp, p=learned, LBFGS-defaults)",50,500,9500,14,0.6418735980987549,0.04595589637756348,CONVERGENCE: RELATIVE REDUCTION OF F <= FACTR*EPSMCH,95.0,4.75153923034668,0.6597894736842105,0.2636844412278633
TabPFN Classifier (v2.5 default),50,500,9500,14,0.18230390548706055,3.1785085201263428,,,0.38291974995733236,0.7002105263157895,0.18413443020657225
TabPFN Classifier (v2 compatibility),50,500,9500,14,0.14736294746398926,2.6863183975219727,,,0.43066340953511656,0.7431578947368421,0.1774642481175353
"GP+ GPClassifier (RBF, ARD, LBFGS-defaults)",100,500,9500,14,0.5382778644561768,0.018209457397460938,CONVERGENCE: RELATIVE REDUCTION OF F <= FACTR*EPSMCH,90.0,4.629844665527344,0.8,0.1499560458568799
"GP+ GPClassifier (Matern, nu=0.5, ARD, LBFGS-defaults)",100,500,9500,14,0.3692283630371094,0.0229489803314209,CONVERGENCE: RELATIVE REDUCTION OF F <= FACTR*EPSMCH,46.0,4.76934814453125,0.7822105263157895,0.1668991595588814
"GPyTorch Milios Dirichlet (RBF, ARD, LBFGS-defaults)",100,500,9500,14,0.7995150089263916,0.015054464340209961,CONVERGENCE: RELATIVE REDUCTION OF F <= FACTR*EPSMCH,149.0,4.594127655029297,0.8131578947368421,0.1379024711343712
"GP+ GPClassifier (PowerExp, p=learned, LBFGS-defaults)",100,500,9500,14,0.6397922039031982,0.08637022972106934,CONVERGENCE: RELATIVE REDUCTION OF F <= FACTR*EPSMCH,71.0,4.629809379577637,0.8010526315789473,0.14946784911914948
TabPFN Classifier (v2.5 default),100,500,9500,14,0.23029494285583496,3.2417526245117188,,,0.23130290819784743,0.7633684210526316,0.15607446253756418
TabPFN Classifier (v2 compatibility),100,500,9500,14,0.13540935516357422,2.9314002990722656,,,0.2752499524031908,0.7761052631578947,0.1519338045751624
"GP+ GPClassifier (RBF, ARD, LBFGS-defaults)",300,500,9500,14,0.6647806167602539,0.05671501159667969,CONVERGENCE: RELATIVE REDUCTION OF F <= FACTR*EPSMCH,59.0,4.370762825012207,0.8572631578947368,0.10907714871187531
"GP+ GPClassifier (Matern, nu=0.5, ARD, LBFGS-defaults)",300,500,9500,14,0.45455265045166016,0.07002377510070801,CONVERGENCE: RELATIVE REDUCTION OF F <= FACTR*EPSMCH,38.0,4.325990200042725,0.8866315789473684,0.08425151822352547
"GPyTorch Milios Dirichlet (RBF, ARD, LBFGS-defaults)",300,500,9500,14,1.2021610736846924,0.04268002510070801,CONVERGENCE: RELATIVE REDUCTION OF F <= FACTR*EPSMCH,142.0,4.260124206542969,0.8777894736842106,0.08953374604092008
"GP+ GPClassifier (PowerExp, p=learned, LBFGS-defaults)",300,500,9500,14,2.8277838230133057,0.24338793754577637,CONVERGENCE: RELATIVE REDUCTION OF F <= FACTR*EPSMCH,94.0,4.319131851196289,0.8576842105263158,0.10401001574260119
TabPFN Classifier (v2.5 default),300,500,9500,14,0.24868273735046387,3.262350082397461,,,0.05226559983092074,0.8738947368421053,0.08948310498611807
TabPFN Classifier (v2 compatibility),300,500,9500,14,0.15101337432861328,3.125117063522339,,,0.037468931082405676,0.8788421052631579,0.08567688013536953
"GP+ GPClassifier (RBF, ARD, LBFGS-defaults)",500,500,9500,14,0.7269418239593506,0.10775351524353027,CONVERGENCE: RELATIVE REDUCTION OF F <= FACTR*EPSMCH,36.0,4.387298583984375,0.8661052631578947,0.10125704814926151
"GP+ GPClassifier (Matern, nu=0.5, ARD, LBFGS-defaults)",500,500,9500,14,0.9470579624176025,0.13212943077087402,CONVERGENCE: RELATIVE REDUCTION OF F <= FACTR*EPSMCH,40.0,4.281450271606445,0.9081052631578947,0.06595543140215165
"GPyTorch Milios Dirichlet (RBF, ARD, LBFGS-defaults)",500,500,9500,14,0.9528079032897949,0.09238004684448242,CONVERGENCE: RELATIVE REDUCTION OF F <= FACTR*EPSMCH,61.0,4.212708473205566,0.9057894736842105,0.06853771752907474
"GP+ GPClassifier (PowerExp, p=learned, LBFGS-defaults)",500,500,9500,14,4.834811210632324,0.6251165866851807,CONVERGENCE: RELATIVE REDUCTION OF F <= FACTR*EPSMCH,69.0,4.314988136291504,0.8850526315789473,0.08391531455206723
TabPFN Classifier (v2.5 default),500,500,9500,14,0.1780390739440918,3.557023286819458,,,0.05183115598290568,0.8984210526315789,0.07107224850547315
TabPFN Classifier (v2 compatibility),500,500,9500,14,0.1641995906829834,3.4156723022460938,,,0.027374821178261503,0.9054736842105263,0.06477566900944635
"GP+ GPClassifier (RBF, ARD, LBFGS-defaults)",50,500,9500,15,0.677509069442749,0.011349201202392578,CONVERGENCE: RELATIVE REDUCTION OF F <= FACTR*EPSMCH,136.0,4.5402302742004395,0.7125263157894737,0.24211735884678093
"GP+ GPClassifier (Matern, nu=0.5, ARD, LBFGS-defaults)",50,500,9500,15,0.3460276126861572,0.014511585235595703,CONVERGENCE: RELATIVE REDUCTION OF F <= FACTR*EPSMCH,44.0,4.654856204986572,0.738421052631579,0.21372483438279977
"GPyTorch Milios Dirichlet (RBF, ARD, LBFGS-defaults)",50,500,9500,15,0.7034316062927246,0.007999420166015625,CONVERGENCE: RELATIVE REDUCTION OF F <= FACTR*EPSMCH,124.0,4.610918045043945,0.7633684210526316,0.18401510669234716
"GP+ GPClassifier (PowerExp, p=learned, LBFGS-defaults)",50,500,9500,15,0.5416598320007324,0.044883012771606445,CONVERGENCE: RELATIVE REDUCTION OF F <= FACTR*EPSMCH,84.0,4.474051475524902,0.7170526315789474,0.23553721330029398
TabPFN Classifier (v2.5 default),50,500,9500,15,0.25302839279174805,3.051863431930542,,,0.17218311587512208,0.7682105263157895,0.15625826255301475
TabPFN Classifier (v2 compatibility),50,500,9500,15,0.12738704681396484,2.7026991844177246,,,0.21754114402438154,0.7557894736842106,0.1655726378972849
"GP+ GPClassifier (RBF, ARD, LBFGS-defaults)",100,500,9500,15,0.722282886505127,0.018938541412353516,CONVERGENCE: RELATIVE REDUCTION OF F <= FACTR*EPSMCH,112.0,4.595670700073242,0.7961052631578948,0.16361370412198803
"GP+ GPClassifier (Matern, nu=0.5, ARD, LBFGS-defaults)",100,500,9500,15,0.3491091728210449,0.022200584411621094,CONVERGENCE: RELATIVE REDUCTION OF F <= FACTR*EPSMCH,50.0,4.590388298034668,0.8332631578947368,0.12405264425731237
"GPyTorch Milios Dirichlet (RBF, ARD, LBFGS-defaults)",100,500,9500,15,0.36008548736572266,0.0135955810546875,CONVERGENCE: RELATIVE REDUCTION OF F <= FACTR*EPSMCH,75.0,4.5245361328125,0.8301052631578948,0.12571402341593838
"GP+ GPClassifier (PowerExp, p=learned, LBFGS-defaults)",100,500,9500,15,0.5037391185760498,0.09204649925231934,ABNORMAL: ,53.0,4.516608238220215,0.8137894736842105,0.14425476359373832
TabPFN Classifier (v2.5 default),100,500,9500,15,0.17178702354431152,3.207738161087036,,,0.11889673171897815,0.8121052631578948,0.12605122310196235
TabPFN Classifier (v2 compatibility),100,500,9500,15,0.15615582466125488,2.7871832847595215,,,0.16046776306470076,0.8122105263157895,0.12777878123489952
"GP+ GPClassifier (RBF, ARD, LBFGS-defaults)",300,500,9500,15,0.7121250629425049,0.05430150032043457,CONVERGENCE: RELATIVE REDUCTION OF F <= FACTR*EPSMCH,78.0,4.469481468200684,0.8489473684210527,0.11571022495890339
"GP+ GPClassifier (Matern, nu=0.5, ARD, LBFGS-defaults)",300,500,9500,15,0.4648702144622803,0.07020115852355957,CONVERGENCE: RELATIVE REDUCTION OF F <= FACTR*EPSMCH,36.0,4.402144908905029,0.889578947368421,0.07761452951074635
"GPyTorch Milios Dirichlet (RBF, ARD, LBFGS-defaults)",300,500,9500,15,1.1205549240112305,0.048995018005371094,CONVERGENCE: RELATIVE REDUCTION OF F <= FACTR*EPSMCH,121.0,4.356621742248535,0.8893684210526316,0.07787339852349016
"GP+ GPClassifier (PowerExp, p=learned, LBFGS-defaults)",300,500,9500,15,2.4984755516052246,0.2562220096588135,CONVERGENCE: RELATIVE REDUCTION OF F <= FACTR*EPSMCH,87.0,4.426901817321777,0.8728421052631579,0.09264421754612613
TabPFN Classifier (v2.5 default),300,500,9500,15,0.25134944915771484,3.310105085372925,,,0.07378967771473571,0.8792631578947369,0.08588477152294945
TabPFN Classifier (v2 compatibility),300,500,9500,15,0.17838001251220703,3.0677404403686523,,,0.07035260471506123,0.8878947368421053,0.08095174682203722
"GP+ GPClassifier (RBF, ARD, LBFGS-defaults)",500,500,9500,15,1.037743330001831,0.08763599395751953,CONVERGENCE: RELATIVE REDUCTION OF F <= FACTR*EPSMCH,69.0,4.461180686950684,0.8636842105263158,0.10058072509061475
"GP+ GPClassifier (Matern, nu=0.5, ARD, LBFGS-defaults)",500,500,9500,15,0.5116269588470459,0.13454246520996094,CONVERGENCE: RELATIVE REDUCTION OF F <= FACTR*EPSMCH,26.0,4.342947959899902,0.9084210526315789,0.06522552788356815
"GPyTorch Milios Dirichlet (RBF, ARD, LBFGS-defaults)",500,500,9500,15,0.7728066444396973,0.08911776542663574,CONVERGENCE: RELATIVE REDUCTION OF F <= FACTR*EPSMCH,48.0,4.304388999938965,0.9088421052631579,0.06556141286936923
"GP+ GPClassifier (PowerExp, p=learned, LBFGS-defaults)",500,500,9500,15,6.005715370178223,0.6344611644744873,CONVERGENCE: RELATIVE REDUCTION OF F <= FACTR*EPSMCH,87.0,4.383250713348389,0.8887368421052632,0.08202262821104997
TabPFN Classifier (v2.5 default),500,500,9500,15,0.1655867099761963,3.6245932579040527,,,0.06411962770559211,0.9016842105263158,0.07182086675245636
TabPFN Classifier (v2 compatibility),500,500,9500,15,0.14472746849060059,3.3990261554718018,,,0.06633373410797157,0.9058947368421053,0.06795617977871014
