model,train_size,train_pool_size,test_size,seed,train_time_s,infer_time_s,n_restarts,n_successful_restarts,n_failed_restarts,selected_restart_idx,lbfgs_stop_reason,lbfgs_iterations,final_train_nll,final_kf,accuracy,brier
"GP+ GPClassifier (RBF, ARD, LBFGS-defaults)",50,500,9500,0,5.242779016494751,0.006961822509765625,16,16,0,0,CONVERGENCE: RELATIVE REDUCTION OF F <= FACTR*EPSMCH,89.0,4.767233848571777,0.3263288276221853,0.7327368421052631,0.21725904547748387
"GP+ GPClassifier (Matern, nu=0.5, ARD, LBFGS-defaults)",50,500,9500,0,3.8455097675323486,0.006011962890625,16,16,0,9,CONVERGENCE: RELATIVE REDUCTION OF F <= FACTR*EPSMCH,51.0,4.856758117675781,0.3623450020593292,0.6258947368421053,0.3208155860912198
"GP+ GPClassifier (PowerExp, p=learned, LBFGS-defaults)",50,500,9500,0,6.811125755310059,0.025890827178955078,16,16,0,12,CONVERGENCE: RELATIVE REDUCTION OF F <= FACTR*EPSMCH,82.0,4.731197357177734,0.3224612396995105,0.623578947368421,0.31989200438447324
TabPFN Classifier (v2.5 default),50,500,9500,0,1.1517932415008545,2.7545406818389893,1,1,0,0,,,0.2838041060615776,,0.6617894736842105,0.20144211637360795
TabPFN Classifier (v2 compatibility),50,500,9500,0,0.10280942916870117,2.4690659046173096,1,1,0,0,,,0.33045482775941587,,0.7933684210526316,0.1518748601953363
"GP+ GPClassifier (RBF, ARD, LBFGS-defaults)",100,500,9500,0,6.2780702114105225,0.010611534118652344,16,16,0,0,CONVERGENCE: RELATIVE REDUCTION OF F <= FACTR*EPSMCH,94.0,4.788439750671387,0.638950910983874,0.8111578947368421,0.14878847422780966
"GP+ GPClassifier (Matern, nu=0.5, ARD, LBFGS-defaults)",100,500,9500,0,4.55835485458374,0.010309934616088867,16,16,0,1,ABNORMAL: ,73.0,4.732010364532471,0.6498739423086288,0.8466315789473684,0.11544929487981885
"GP+ GPClassifier (PowerExp, p=learned, LBFGS-defaults)",100,500,9500,0,8.119385957717896,0.04753232002258301,16,16,0,5,CONVERGENCE: RELATIVE REDUCTION OF F <= FACTR*EPSMCH,116.0,4.721407890319824,0.6366490135539085,0.8347368421052631,0.12656101653205598
TabPFN Classifier (v2.5 default),100,500,9500,0,0.13313817977905273,2.8661680221557617,1,1,0,0,,,0.1324942840106911,,0.816,0.1279820244700654
TabPFN Classifier (v2 compatibility),100,500,9500,0,0.09813070297241211,2.525625228881836,1,1,0,0,,,0.21257195040705404,,0.8191578947368421,0.12432366461277951
"GP+ GPClassifier (RBF, ARD, LBFGS-defaults)",300,500,9500,0,7.057625770568848,0.024229049682617188,16,16,0,0,CONVERGENCE: RELATIVE REDUCTION OF F <= FACTR*EPSMCH,68.0,4.639566421508789,0.8554527807421151,0.8510526315789474,0.11296084668104552
"GP+ GPClassifier (Matern, nu=0.5, ARD, LBFGS-defaults)",300,500,9500,0,5.433027267456055,0.03478097915649414,16,16,0,14,CONVERGENCE: RELATIVE REDUCTION OF F <= FACTR*EPSMCH,36.0,4.533867835998535,0.814411223931296,0.9016842105263158,0.0700183844584268
"GP+ GPClassifier (PowerExp, p=learned, LBFGS-defaults)",300,500,9500,0,25.63125467300415,0.12865495681762695,16,16,0,6,CONVERGENCE: RELATIVE REDUCTION OF F <= FACTR*EPSMCH,69.0,4.571098327636719,0.8425281081432356,0.8838947368421053,0.08401814167832507
TabPFN Classifier (v2.5 default),300,500,9500,0,0.13436460494995117,3.1886215209960938,1,1,0,0,,,0.10291975165641569,,0.8648421052631579,0.09361386817380148
TabPFN Classifier (v2 compatibility),300,500,9500,0,0.127518892288208,2.9032328128814697,1,1,0,0,,,0.13657644910611097,,0.8776842105263158,0.08633650634842908
"GP+ GPClassifier (RBF, ARD, LBFGS-defaults)",500,500,9500,0,7.606494665145874,0.04373812675476074,16,16,0,0,CONVERGENCE: RELATIVE REDUCTION OF F <= FACTR*EPSMCH,32.0,4.477105140686035,0.9063429382267506,0.8821052631578947,0.08905750223184579
"GP+ GPClassifier (Matern, nu=0.5, ARD, LBFGS-defaults)",500,500,9500,0,11.869792938232422,0.061421871185302734,16,16,0,13,ABNORMAL: ,38.0,4.338336944580078,0.9058673775693156,0.9172631578947369,0.05863867884620761
"GP+ GPClassifier (PowerExp, p=learned, LBFGS-defaults)",500,500,9500,0,72.73753237724304,0.2719542980194092,16,16,0,2,CONVERGENCE: RELATIVE REDUCTION OF F <= FACTR*EPSMCH,71.0,4.40361213684082,0.9099781038361028,0.9024210526315789,0.07003132944799265
TabPFN Classifier (v2.5 default),500,500,9500,0,0.2787015438079834,3.702883005142212,1,1,0,0,,,0.08183319233708901,,0.8906315789473684,0.07642736392860158
TabPFN Classifier (v2 compatibility),500,500,9500,0,0.13284730911254883,3.4627768993377686,1,1,0,0,,,0.0750688830609265,,0.9018947368421053,0.0709885013055756
"GP+ GPClassifier (RBF, ARD, LBFGS-defaults)",50,500,9500,1,8.281976699829102,0.008016824722290039,16,16,0,10,CONVERGENCE: RELATIVE REDUCTION OF F <= FACTR*EPSMCH,100.0,4.676867485046387,0.3170375507077575,0.6687368421052632,0.2598040258146973
"GP+ GPClassifier (Matern, nu=0.5, ARD, LBFGS-defaults)",50,500,9500,1,1.913658857345581,0.0,16,16,0,10,CONVERGENCE: RELATIVE REDUCTION OF F <= FACTR*EPSMCH,38.0,4.887118339538574,0.35906208013626817,0.6428421052631579,0.2770754246982479
"GP+ GPClassifier (PowerExp, p=learned, LBFGS-defaults)",50,500,9500,1,6.747431039810181,0.031013965606689453,16,16,0,13,CONVERGENCE: RELATIVE REDUCTION OF F <= FACTR*EPSMCH,110.0,4.691164016723633,0.3260288699163758,0.62,0.32184229613992704
TabPFN Classifier (v2.5 default),50,500,9500,1,0.1669466495513916,3.0909547805786133,1,1,0,0,,,0.34918775204928854,,0.7431578947368421,0.17750738978051503
TabPFN Classifier (v2 compatibility),50,500,9500,1,0.1257932186126709,2.687656879425049,1,1,0,0,,,0.37355604021136907,,0.7876842105263158,0.15361015019471086
"GP+ GPClassifier (RBF, ARD, LBFGS-defaults)",100,500,9500,1,5.55113410949707,0.00960993766784668,16,12,4,10,CONVERGENCE: RELATIVE REDUCTION OF F <= FACTR*EPSMCH,152.0,4.6401519775390625,0.6164316623598559,0.7254736842105263,0.22050708882586245
"GP+ GPClassifier (Matern, nu=0.5, ARD, LBFGS-defaults)",100,500,9500,1,4.475873231887817,0.01572442054748535,16,16,0,0,CONVERGENCE: RELATIVE REDUCTION OF F <= FACTR*EPSMCH,46.0,4.6096978187561035,0.5394605012102858,0.784,0.16620255474868031
"GP+ GPClassifier (PowerExp, p=learned, LBFGS-defaults)",100,500,9500,1,8.8081374168396,0.04739189147949219,16,16,0,11,CONVERGENCE: RELATIVE REDUCTION OF F <= FACTR*EPSMCH,102.0,4.642997741699219,0.6271894420637023,0.7374736842105263,0.20743233499412567
TabPFN Classifier (v2.5 default),100,500,9500,1,0.13943195343017578,2.9595420360565186,1,1,0,0,,,0.1763415479593064,,0.7903157894736842,0.1423643382019156
TabPFN Classifier (v2 compatibility),100,500,9500,1,0.12247681617736816,2.653568744659424,1,1,0,0,,,0.20423637120389945,,0.8048421052631579,0.13208792004916173
"GP+ GPClassifier (RBF, ARD, LBFGS-defaults)",300,500,9500,1,10.986225605010986,0.03169751167297363,16,16,0,13,CONVERGENCE: RELATIVE REDUCTION OF F <= FACTR*EPSMCH,106.0,4.510243892669678,0.8470620050983562,0.8495789473684211,0.11399672606488205
"GP+ GPClassifier (Matern, nu=0.5, ARD, LBFGS-defaults)",300,500,9500,1,5.9159934520721436,0.03569483757019043,16,16,0,4,CONVERGENCE: RELATIVE REDUCTION OF F <= FACTR*EPSMCH,30.0,4.427248954772949,0.8293153314830661,0.8882105263157895,0.07963361512552221
"GP+ GPClassifier (PowerExp, p=learned, LBFGS-defaults)",300,500,9500,1,32.06499743461609,0.17092418670654297,16,16,0,2,CONVERGENCE: RELATIVE REDUCTION OF F <= FACTR*EPSMCH,93.0,4.470887184143066,0.8448982636547873,0.8757894736842106,0.09052736861700118
TabPFN Classifier (v2.5 default),300,500,9500,1,0.18250751495361328,3.1611902713775635,1,1,0,0,,,0.11284835623661775,,0.8628421052631579,0.09653891354814988
TabPFN Classifier (v2 compatibility),300,500,9500,1,0.12298798561096191,2.9270217418670654,1,1,0,0,,,0.13467929827037092,,0.8627368421052631,0.0955804052827396
"GP+ GPClassifier (RBF, ARD, LBFGS-defaults)",500,500,9500,1,15.75551986694336,0.04334855079650879,16,16,0,7,CONVERGENCE: RELATIVE REDUCTION OF F <= FACTR*EPSMCH,83.0,4.4350199699401855,0.9130042887319327,0.8687368421052631,0.09973394104649663
"GP+ GPClassifier (Matern, nu=0.5, ARD, LBFGS-defaults)",500,500,9500,1,9.157536268234253,0.057878971099853516,16,16,0,6,CONVERGENCE: RELATIVE REDUCTION OF F <= FACTR*EPSMCH,24.0,4.30966854095459,0.9061049585413619,0.9102105263157895,0.06430438648060144
"GP+ GPClassifier (PowerExp, p=learned, LBFGS-defaults)",500,500,9500,1,52.41508388519287,0.21021294593811035,16,16,0,1,CONVERGENCE: RELATIVE REDUCTION OF F <= FACTR*EPSMCH,72.0,4.385231971740723,0.9104114458188803,0.8954736842105263,0.07870024028350862
TabPFN Classifier (v2.5 default),500,500,9500,1,0.6817703247070312,3.3498709201812744,1,1,0,0,,,0.074609848224463,,0.8956842105263157,0.07551835126017899
TabPFN Classifier (v2 compatibility),500,500,9500,1,0.1418628692626953,3.145801544189453,1,1,0,0,,,0.058639532003048445,,0.9021052631578947,0.0691211971136159
"GP+ GPClassifier (RBF, ARD, LBFGS-defaults)",50,500,9500,2,5.0374977588653564,0.008011341094970703,16,16,0,5,CONVERGENCE: RELATIVE REDUCTION OF F <= FACTR*EPSMCH,96.0,4.656325340270996,0.33329623817864584,0.7429473684210526,0.20606168628033442
"GP+ GPClassifier (Matern, nu=0.5, ARD, LBFGS-defaults)",50,500,9500,2,1.9764187335968018,0.0,16,16,0,9,ABNORMAL: ,61.0,4.72180700302124,0.2117547828662704,0.7876842105263158,0.16021228498723838
"GP+ GPClassifier (PowerExp, p=learned, LBFGS-defaults)",50,500,9500,2,7.0091164112091064,0.0238192081451416,16,16,0,4,CONVERGENCE: RELATIVE REDUCTION OF F <= FACTR*EPSMCH,76.0,4.6562652587890625,0.32277630595614504,0.7429473684210526,0.20601566954578648
TabPFN Classifier (v2.5 default),50,500,9500,2,0.12124967575073242,2.7223727703094482,1,1,0,0,,,0.25265588852906545,,0.7629473684210526,0.16121151055061442
TabPFN Classifier (v2 compatibility),50,500,9500,2,0.09494709968566895,2.4656944274902344,1,1,0,0,,,0.30099377615031253,,0.7901052631578948,0.14710795875017338
"GP+ GPClassifier (RBF, ARD, LBFGS-defaults)",100,500,9500,2,6.124001979827881,0.010050535202026367,16,16,0,8,CONVERGENCE: RELATIVE REDUCTION OF F <= FACTR*EPSMCH,120.0,4.633693695068359,0.6424896982722013,0.7095789473684211,0.24050375902891927
"GP+ GPClassifier (Matern, nu=0.5, ARD, LBFGS-defaults)",100,500,9500,2,3.71333646774292,0.010082244873046875,16,16,0,3,CONVERGENCE: RELATIVE REDUCTION OF F <= FACTR*EPSMCH,36.0,4.625927925109863,0.6247549092047064,0.8388421052631579,0.11890568406705003
"GP+ GPClassifier (PowerExp, p=learned, LBFGS-defaults)",100,500,9500,2,7.166176080703735,0.04166293144226074,16,16,0,14,CONVERGENCE: RELATIVE REDUCTION OF F <= FACTR*EPSMCH,128.0,4.509193420410156,0.6308051934382546,0.7023157894736842,0.24573809877688582
TabPFN Classifier (v2.5 default),100,500,9500,2,0.1270277500152588,2.82139253616333,1,1,0,0,,,0.1509495485175729,,0.8088421052631579,0.1303056847542811
TabPFN Classifier (v2 compatibility),100,500,9500,2,0.12900805473327637,2.575629234313965,1,1,0,0,,,0.24869893302387475,,0.8054736842105263,0.13211003621506306
"GP+ GPClassifier (RBF, ARD, LBFGS-defaults)",300,500,9500,2,5.398545503616333,0.015665292739868164,16,16,0,4,CONVERGENCE: RELATIVE REDUCTION OF F <= FACTR*EPSMCH,47.0,4.481480598449707,0.8317472213934537,0.8606315789473684,0.10561236828507155
"GP+ GPClassifier (Matern, nu=0.5, ARD, LBFGS-defaults)",300,500,9500,2,4.969293117523193,0.03196454048156738,16,16,0,1,CONVERGENCE: RELATIVE REDUCTION OF F <= FACTR*EPSMCH,34.0,4.376407623291016,0.8260423680368632,0.8946315789473684,0.07447508309652966
"GP+ GPClassifier (PowerExp, p=learned, LBFGS-defaults)",300,500,9500,2,23.98703932762146,0.11845541000366211,16,16,0,7,CONVERGENCE: RELATIVE REDUCTION OF F <= FACTR*EPSMCH,57.0,4.461050987243652,0.8459998233382773,0.8827368421052632,0.08714842319045386
TabPFN Classifier (v2.5 default),300,500,9500,2,0.1301124095916748,3.0348570346832275,1,1,0,0,,,0.10847948104483791,,0.8752631578947369,0.08718408379865492
TabPFN Classifier (v2 compatibility),300,500,9500,2,0.11088395118713379,2.7893764972686768,1,1,0,0,,,0.10994724584333805,,0.8763157894736842,0.08596127725391431
"GP+ GPClassifier (RBF, ARD, LBFGS-defaults)",500,500,9500,2,12.313384532928467,0.04332590103149414,16,16,0,11,CONVERGENCE: RELATIVE REDUCTION OF F <= FACTR*EPSMCH,59.0,4.51811408996582,0.9070369928240676,0.8763157894736842,0.09299239289834922
"GP+ GPClassifier (Matern, nu=0.5, ARD, LBFGS-defaults)",500,500,9500,2,11.09780502319336,0.05733799934387207,16,16,0,11,CONVERGENCE: RELATIVE REDUCTION OF F <= FACTR*EPSMCH,64.0,4.329024791717529,0.8990505116375713,0.9132631578947369,0.06326897598731285
"GP+ GPClassifier (PowerExp, p=learned, LBFGS-defaults)",500,500,9500,2,68.82114458084106,0.2064685821533203,16,16,0,3,CONVERGENCE: RELATIVE REDUCTION OF F <= FACTR*EPSMCH,88.0,4.400871276855469,0.9038357996287352,0.9028421052631579,0.07152372279341286
TabPFN Classifier (v2.5 default),500,500,9500,2,0.17286300659179688,3.3506150245666504,1,1,0,0,,,0.07137155839650412,,0.9004210526315789,0.07158946655263877
TabPFN Classifier (v2 compatibility),500,500,9500,2,0.09534811973571777,3.1900103092193604,1,1,0,0,,,0.07397229612079462,,0.9050526315789473,0.06864695266024824
"GP+ GPClassifier (RBF, ARD, LBFGS-defaults)",50,500,9500,3,8.127620220184326,0.005517482757568359,16,16,0,14,CONVERGENCE: RELATIVE REDUCTION OF F <= FACTR*EPSMCH,194.0,4.424434661865234,0.24568018228518762,0.7077894736842105,0.24305004710716485
"GP+ GPClassifier (Matern, nu=0.5, ARD, LBFGS-defaults)",50,500,9500,3,2.725020170211792,0.007769107818603516,16,16,0,11,CONVERGENCE: RELATIVE REDUCTION OF F <= FACTR*EPSMCH,63.0,4.625852584838867,0.3026987720683194,0.6658947368421053,0.2962351355277717
"GP+ GPClassifier (PowerExp, p=learned, LBFGS-defaults)",50,500,9500,3,8.244034767150879,0.019829511642456055,16,16,0,4,CONVERGENCE: RELATIVE REDUCTION OF F <= FACTR*EPSMCH,126.0,4.424389839172363,0.306686036537847,0.7072631578947368,0.24309471961426526
TabPFN Classifier (v2.5 default),50,500,9500,3,0.127455472946167,2.8022658824920654,1,1,0,0,,,0.12070881773275804,,0.7684210526315789,0.1521910991766163
TabPFN Classifier (v2 compatibility),50,500,9500,3,0.09535098075866699,2.466742992401123,1,1,0,0,,,0.1266573878791342,,0.8071578947368421,0.1334000930759971
"GP+ GPClassifier (RBF, ARD, LBFGS-defaults)",100,500,9500,3,6.429807901382446,0.008051156997680664,16,16,0,7,CONVERGENCE: RELATIVE REDUCTION OF F <= FACTR*EPSMCH,111.0,4.407930374145508,0.6586819328753748,0.7270526315789474,0.225179078036376
"GP+ GPClassifier (Matern, nu=0.5, ARD, LBFGS-defaults)",100,500,9500,3,3.1902034282684326,0.009829044342041016,16,16,0,13,CONVERGENCE: RELATIVE REDUCTION OF F <= FACTR*EPSMCH,37.0,4.511405944824219,0.6536971383580047,0.7770526315789473,0.172815716126999
"GP+ GPClassifier (PowerExp, p=learned, LBFGS-defaults)",100,500,9500,3,7.779849529266357,0.03766131401062012,16,16,0,14,CONVERGENCE: RELATIVE REDUCTION OF F <= FACTR*EPSMCH,86.0,4.422788619995117,0.6258904411475135,0.7978947368421052,0.15419001462803925
TabPFN Classifier (v2.5 default),100,500,9500,3,0.1268000602722168,2.8300671577453613,1,1,0,0,,,0.13391546338260688,,0.8002105263157895,0.1402170562441365
TabPFN Classifier (v2 compatibility),100,500,9500,3,0.10414338111877441,2.494478225708008,1,1,0,0,,,0.17468954404950002,,0.8217894736842105,0.12888299852036542
"GP+ GPClassifier (RBF, ARD, LBFGS-defaults)",300,500,9500,3,4.3910813331604,0.023944854736328125,16,16,0,0,CONVERGENCE: RELATIVE REDUCTION OF F <= FACTR*EPSMCH,34.0,4.449213981628418,0.8477580918477248,0.872,0.09779559254907187
"GP+ GPClassifier (Matern, nu=0.5, ARD, LBFGS-defaults)",300,500,9500,3,6.0084450244903564,0.03178572654724121,16,16,0,7,CONVERGENCE: RELATIVE REDUCTION OF F <= FACTR*EPSMCH,35.0,4.326903343200684,0.8327142088289643,0.8906315789473684,0.07717391633680812
"GP+ GPClassifier (PowerExp, p=learned, LBFGS-defaults)",300,500,9500,3,26.42740559577942,0.1108710765838623,16,16,0,14,CONVERGENCE: RELATIVE REDUCTION OF F <= FACTR*EPSMCH,84.0,4.373814582824707,0.8455202526627663,0.8733684210526316,0.09067499274726339
TabPFN Classifier (v2.5 default),300,500,9500,3,0.14586114883422852,3.0473783016204834,1,1,0,0,,,0.06821400122402006,,0.8643157894736843,0.09459719909444889
TabPFN Classifier (v2 compatibility),300,500,9500,3,0.09551191329956055,2.8325607776641846,1,1,0,0,,,0.07401768769494903,,0.8642105263157894,0.0922879294658945
"GP+ GPClassifier (RBF, ARD, LBFGS-defaults)",500,500,9500,3,13.030348539352417,0.04764723777770996,16,16,0,9,CONVERGENCE: RELATIVE REDUCTION OF F <= FACTR*EPSMCH,66.0,4.385436534881592,0.9086104271396858,0.8777894736842106,0.09225712344578496
"GP+ GPClassifier (Matern, nu=0.5, ARD, LBFGS-defaults)",500,500,9500,3,11.474647283554077,0.06312990188598633,16,16,0,6,CONVERGENCE: RELATIVE REDUCTION OF F <= FACTR*EPSMCH,63.0,4.2385711669921875,0.8861201350723327,0.9041052631578947,0.06790425133999017
"GP+ GPClassifier (PowerExp, p=learned, LBFGS-defaults)",500,500,9500,3,57.067105293273926,0.2218778133392334,16,16,0,3,CONVERGENCE: RELATIVE REDUCTION OF F <= FACTR*EPSMCH,61.0,4.283881187438965,0.8978747443272521,0.890421052631579,0.08042957428651003
TabPFN Classifier (v2.5 default),500,500,9500,3,1.4470348358154297,3.359890937805176,1,1,0,0,,,0.03346698068418992,,0.8868421052631579,0.07845256476384814
TabPFN Classifier (v2 compatibility),500,500,9500,3,0.11749982833862305,3.1639292240142822,1,1,0,0,,,0.031200577324269778,,0.8916842105263157,0.07527087596588032
"GP+ GPClassifier (RBF, ARD, LBFGS-defaults)",50,500,9500,4,5.777625799179077,0.007491588592529297,16,16,0,1,ABNORMAL: ,112.0,4.473543643951416,0.31353686112395707,0.7806315789473685,0.16879793835638127
"GP+ GPClassifier (Matern, nu=0.5, ARD, LBFGS-defaults)",50,500,9500,4,3.546320676803589,0.006013393402099609,16,16,0,11,CONVERGENCE: RELATIVE REDUCTION OF F <= FACTR*EPSMCH,67.0,4.610632419586182,0.31059431230139517,0.6877894736842105,0.2599640871132019
"GP+ GPClassifier (PowerExp, p=learned, LBFGS-defaults)",50,500,9500,4,7.375898361206055,0.02158188819885254,16,16,0,14,CONVERGENCE: RELATIVE REDUCTION OF F <= FACTR*EPSMCH,74.0,4.473546028137207,0.30498706625837624,0.7806315789473685,0.16898374347844705
TabPFN Classifier (v2.5 default),50,500,9500,4,0.14230918884277344,2.8069958686828613,1,1,0,0,,,0.13024663860980298,,0.8182105263157895,0.13047373098240792
TabPFN Classifier (v2 compatibility),50,500,9500,4,0.09297776222229004,2.4417293071746826,1,1,0,0,,,0.18222532815510106,,0.8243157894736842,0.12387198949196553
"GP+ GPClassifier (RBF, ARD, LBFGS-defaults)",100,500,9500,4,5.637350082397461,0.016173839569091797,16,16,0,6,CONVERGENCE: RELATIVE REDUCTION OF F <= FACTR*EPSMCH,132.0,4.484313011169434,0.6118469408725654,0.7634736842105263,0.1938928400123253
"GP+ GPClassifier (Matern, nu=0.5, ARD, LBFGS-defaults)",100,500,9500,4,4.008187770843506,0.010070085525512695,16,16,0,2,ABNORMAL: ,57.0,4.509742736816406,0.628687125546073,0.8274736842105264,0.13286034846947892
"GP+ GPClassifier (PowerExp, p=learned, LBFGS-defaults)",100,500,9500,4,9.288560152053833,0.04775261878967285,16,16,0,3,CONVERGENCE: RELATIVE REDUCTION OF F <= FACTR*EPSMCH,107.0,4.483798027038574,0.5876703802684056,0.765578947368421,0.1918213359464932
TabPFN Classifier (v2.5 default),100,500,9500,4,0.12245798110961914,2.8008573055267334,1,1,0,0,,,0.12266912142509823,,0.8221052631578948,0.12484026797780572
TabPFN Classifier (v2 compatibility),100,500,9500,4,0.09444832801818848,2.5265603065490723,1,1,0,0,,,0.14534626196559094,,0.8301052631578948,0.11833949661493323
"GP+ GPClassifier (RBF, ARD, LBFGS-defaults)",300,500,9500,4,5.356741189956665,0.015728473663330078,16,16,0,2,CONVERGENCE: RELATIVE REDUCTION OF F <= FACTR*EPSMCH,47.0,4.480735778808594,0.8516929504789905,0.8565263157894737,0.10746592867027248
"GP+ GPClassifier (Matern, nu=0.5, ARD, LBFGS-defaults)",300,500,9500,4,5.32894492149353,0.03127264976501465,16,16,0,6,CONVERGENCE: RELATIVE REDUCTION OF F <= FACTR*EPSMCH,29.0,4.408336639404297,0.8450120018858855,0.9005263157894737,0.06942320109088485
"GP+ GPClassifier (PowerExp, p=learned, LBFGS-defaults)",300,500,9500,4,27.16533064842224,0.12775707244873047,16,16,0,0,CONVERGENCE: RELATIVE REDUCTION OF F <= FACTR*EPSMCH,100.0,4.450129508972168,0.8453025074555756,0.8828421052631579,0.08619295275990706
TabPFN Classifier (v2.5 default),300,500,9500,4,0.14281010627746582,3.080544948577881,1,1,0,0,,,0.08468616055102492,,0.8881052631578947,0.07983269868281442
TabPFN Classifier (v2 compatibility),300,500,9500,4,0.11637043952941895,2.8124232292175293,1,1,0,0,,,0.06636619883156315,,0.8905263157894737,0.07837313846832893
"GP+ GPClassifier (RBF, ARD, LBFGS-defaults)",500,500,9500,4,8.948448419570923,0.04777693748474121,16,16,0,6,CONVERGENCE: RELATIVE REDUCTION OF F <= FACTR*EPSMCH,37.0,4.323424339294434,0.908731518688243,0.8751578947368421,0.094998458932689
"GP+ GPClassifier (Matern, nu=0.5, ARD, LBFGS-defaults)",500,500,9500,4,9.695420742034912,0.06544661521911621,16,16,0,8,CONVERGENCE: RELATIVE REDUCTION OF F <= FACTR*EPSMCH,32.0,4.235645771026611,0.9146257907581923,0.9106315789473685,0.06510266990014096
"GP+ GPClassifier (PowerExp, p=learned, LBFGS-defaults)",500,500,9500,4,62.73350143432617,0.2063746452331543,16,16,0,2,CONVERGENCE: RELATIVE REDUCTION OF F <= FACTR*EPSMCH,63.0,4.29356575012207,0.9038963104526168,0.8902105263157895,0.08136290369781338
TabPFN Classifier (v2.5 default),500,500,9500,4,0.19085383415222168,3.3679749965667725,1,1,0,0,,,0.05656672205273127,,0.8962105263157895,0.07270436460722714
TabPFN Classifier (v2 compatibility),500,500,9500,4,0.11475896835327148,3.157263994216919,1,1,0,0,,,0.051345920238847,,0.9004210526315789,0.07053238450758624
"GP+ GPClassifier (RBF, ARD, LBFGS-defaults)",50,500,9500,5,5.793529033660889,0.006013393402099609,16,16,0,9,CONVERGENCE: RELATIVE REDUCTION OF F <= FACTR*EPSMCH,112.0,4.636743068695068,0.32269755449446846,0.7102105263157895,0.2452918304008183
"GP+ GPClassifier (Matern, nu=0.5, ARD, LBFGS-defaults)",50,500,9500,5,3.7046451568603516,0.008020401000976562,16,16,0,4,CONVERGENCE: RELATIVE REDUCTION OF F <= FACTR*EPSMCH,59.0,4.823489189147949,0.349201620324916,0.7317894736842105,0.2168195657914375
"GP+ GPClassifier (PowerExp, p=learned, LBFGS-defaults)",50,500,9500,5,5.760888338088989,0.023807525634765625,16,16,0,6,CONVERGENCE: RELATIVE REDUCTION OF F <= FACTR*EPSMCH,86.0,4.636695861816406,0.3051283207678575,0.7109473684210527,0.245110271941835
TabPFN Classifier (v2.5 default),50,500,9500,5,0.12079572677612305,2.7549564838409424,1,1,0,0,,,0.3637605844270682,,0.7252631578947368,0.17899841891043985
TabPFN Classifier (v2 compatibility),50,500,9500,5,0.09639286994934082,2.5392003059387207,1,1,0,0,,,0.40269247274160164,,0.7905263157894736,0.15071148639574183
"GP+ GPClassifier (RBF, ARD, LBFGS-defaults)",100,500,9500,5,4.554166793823242,0.0,16,16,0,1,CONVERGENCE: RELATIVE REDUCTION OF F <= FACTR*EPSMCH,81.0,4.588323593139648,0.6385113048974274,0.7492631578947369,0.20545735362107498
"GP+ GPClassifier (Matern, nu=0.5, ARD, LBFGS-defaults)",100,500,9500,5,4.809153318405151,0.012135744094848633,16,16,0,8,CONVERGENCE: RELATIVE REDUCTION OF F <= FACTR*EPSMCH,44.0,4.5939040184021,0.5866578059257558,0.7758947368421053,0.1796168287242905
"GP+ GPClassifier (PowerExp, p=learned, LBFGS-defaults)",100,500,9500,5,8.712741613388062,0.04715919494628906,16,16,0,0,CONVERGENCE: RELATIVE REDUCTION OF F <= FACTR*EPSMCH,80.0,4.587863445281982,0.6363217151773437,0.7661052631578947,0.19468422658961027
TabPFN Classifier (v2.5 default),100,500,9500,5,0.14563536643981934,2.8583481311798096,1,1,0,0,,,0.19009015647977415,,0.7865263157894736,0.14309833531954178
TabPFN Classifier (v2 compatibility),100,500,9500,5,0.10494518280029297,2.537659168243408,1,1,0,0,,,0.24770269150335242,,0.8086315789473684,0.13122657539957852
"GP+ GPClassifier (RBF, ARD, LBFGS-defaults)",300,500,9500,5,11.027576208114624,0.025443315505981445,16,16,0,5,CONVERGENCE: RELATIVE REDUCTION OF F <= FACTR*EPSMCH,133.0,4.612265586853027,0.8674363147658624,0.867578947368421,0.09768855840458761
"GP+ GPClassifier (Matern, nu=0.5, ARD, LBFGS-defaults)",300,500,9500,5,6.388929843902588,0.031416893005371094,16,16,0,4,ABNORMAL: ,39.0,4.500802516937256,0.8821929315821425,0.9057894736842105,0.06836113192638882
"GP+ GPClassifier (PowerExp, p=learned, LBFGS-defaults)",300,500,9500,5,31.16658592224121,0.12069177627563477,16,16,0,0,CONVERGENCE: RELATIVE REDUCTION OF F <= FACTR*EPSMCH,89.0,4.50838565826416,0.8665423240570531,0.884,0.08555834838640831
TabPFN Classifier (v2.5 default),300,500,9500,5,0.16813874244689941,3.020526885986328,1,1,0,0,,,0.143770783829695,,0.8694736842105263,0.09131008292959933
TabPFN Classifier (v2 compatibility),300,500,9500,5,0.12651777267456055,2.8007185459136963,1,1,0,0,,,0.15694283931189512,,0.8698947368421053,0.09043086573579145
"GP+ GPClassifier (RBF, ARD, LBFGS-defaults)",500,500,9500,5,13.585036039352417,0.0475001335144043,16,16,0,1,CONVERGENCE: RELATIVE REDUCTION OF F <= FACTR*EPSMCH,76.0,4.440217971801758,0.9083753749646618,0.872421052631579,0.0953940728131312
"GP+ GPClassifier (Matern, nu=0.5, ARD, LBFGS-defaults)",500,500,9500,5,10.284738302230835,0.057387590408325195,16,16,0,8,CONVERGENCE: RELATIVE REDUCTION OF F <= FACTR*EPSMCH,27.0,4.284499168395996,0.9081225707031972,0.9084210526315789,0.06580912530104666
"GP+ GPClassifier (PowerExp, p=learned, LBFGS-defaults)",500,500,9500,5,62.06787109375,0.20761537551879883,16,16,0,15,CONVERGENCE: RELATIVE REDUCTION OF F <= FACTR*EPSMCH,78.0,4.344240188598633,0.9060570852778866,0.8930526315789473,0.07773808939544989
TabPFN Classifier (v2.5 default),500,500,9500,5,1.4630961418151855,3.362819194793701,1,1,0,0,,,0.08549875060785138,,0.8863157894736842,0.07820777620812554
TabPFN Classifier (v2 compatibility),500,500,9500,5,0.11783766746520996,3.190807580947876,1,1,0,0,,,0.07301046356082525,,0.8952631578947369,0.07294035762240696
"GP+ GPClassifier (RBF, ARD, LBFGS-defaults)",50,500,9500,6,5.571480989456177,0.006010770797729492,16,16,0,7,CONVERGENCE: RELATIVE REDUCTION OF F <= FACTR*EPSMCH,138.0,4.552873611450195,0.297883373890445,0.6329473684210526,0.3102876506025494
"GP+ GPClassifier (Matern, nu=0.5, ARD, LBFGS-defaults)",50,500,9500,6,1.6780636310577393,0.0057637691497802734,16,16,0,3,CONVERGENCE: RELATIVE REDUCTION OF F <= FACTR*EPSMCH,17.0,5.137272834777832,0.38181448300323706,0.638,0.28192215297376355
"GP+ GPClassifier (PowerExp, p=learned, LBFGS-defaults)",50,500,9500,6,7.765053749084473,0.023546457290649414,16,16,0,6,CONVERGENCE: RELATIVE REDUCTION OF F <= FACTR*EPSMCH,114.0,4.552297592163086,0.3031843538628729,0.6361052631578947,0.30814767547123395
TabPFN Classifier (v2.5 default),50,500,9500,6,0.12901544570922852,2.7750766277313232,1,1,0,0,,,0.40679973788640345,,0.7014736842105264,0.19351645841287626
TabPFN Classifier (v2 compatibility),50,500,9500,6,0.11503720283508301,2.439286947250366,1,1,0,0,,,0.36879073125865985,,0.7850526315789473,0.16755864923572442
"GP+ GPClassifier (RBF, ARD, LBFGS-defaults)",100,500,9500,6,8.27029538154602,0.00978541374206543,16,16,0,5,CONVERGENCE: RELATIVE REDUCTION OF F <= FACTR*EPSMCH,233.0,4.481639862060547,0.5764435286507905,0.7442105263157894,0.21046563465288662
"GP+ GPClassifier (Matern, nu=0.5, ARD, LBFGS-defaults)",100,500,9500,6,6.5241804122924805,0.011775493621826172,16,16,0,13,ABNORMAL: ,107.0,4.541033744812012,0.5167095485187296,0.7796842105263158,0.17270017191203313
"GP+ GPClassifier (PowerExp, p=learned, LBFGS-defaults)",100,500,9500,6,8.614403247833252,0.04143643379211426,16,16,0,10,CONVERGENCE: RELATIVE REDUCTION OF F <= FACTR*EPSMCH,90.0,4.481592178344727,0.5876045438114307,0.7443157894736843,0.21050968998615416
TabPFN Classifier (v2.5 default),100,500,9500,6,0.1303882598876953,2.813697338104248,1,1,0,0,,,0.10359284938358299,,0.7781052631578947,0.15480885717015377
TabPFN Classifier (v2 compatibility),100,500,9500,6,0.1092677116394043,2.5448551177978516,1,1,0,0,,,0.1028160207166431,,0.7971578947368421,0.1386995332413592
"GP+ GPClassifier (RBF, ARD, LBFGS-defaults)",300,500,9500,6,12.087832689285278,0.016060590744018555,16,16,0,13,CONVERGENCE: RELATIVE REDUCTION OF F <= FACTR*EPSMCH,143.0,4.449617385864258,0.8525543743751564,0.8529473684210527,0.10858573484989283
"GP+ GPClassifier (Matern, nu=0.5, ARD, LBFGS-defaults)",300,500,9500,6,5.960824728012085,0.04789257049560547,16,16,0,3,CONVERGENCE: RELATIVE REDUCTION OF F <= FACTR*EPSMCH,31.0,4.389490127563477,0.8657483184702426,0.8877894736842106,0.08052344839372047
"GP+ GPClassifier (PowerExp, p=learned, LBFGS-defaults)",300,500,9500,6,32.64110016822815,0.12712931632995605,16,16,0,2,CONVERGENCE: RELATIVE REDUCTION OF F <= FACTR*EPSMCH,102.0,4.432216644287109,0.8483165040742794,0.8752631578947369,0.09212353607989691
TabPFN Classifier (v2.5 default),300,500,9500,6,0.11530280113220215,3.018143653869629,1,1,0,0,,,0.10467712766638539,,0.8781052631578947,0.08653008680848155
TabPFN Classifier (v2 compatibility),300,500,9500,6,0.12197494506835938,2.8634443283081055,1,1,0,0,,,0.08705423163956255,,0.8817894736842106,0.08277188861498787
"GP+ GPClassifier (RBF, ARD, LBFGS-defaults)",500,500,9500,6,10.848400592803955,0.04770231246948242,16,16,0,2,CONVERGENCE: RELATIVE REDUCTION OF F <= FACTR*EPSMCH,47.0,4.325783729553223,0.9035740169299474,0.8669473684210526,0.09746337863213159
"GP+ GPClassifier (Matern, nu=0.5, ARD, LBFGS-defaults)",500,500,9500,6,10.6088387966156,0.0574345588684082,16,16,0,13,CONVERGENCE: RELATIVE REDUCTION OF F <= FACTR*EPSMCH,30.0,4.244245529174805,0.9061093180604426,0.9047368421052632,0.0693269215134059
"GP+ GPClassifier (PowerExp, p=learned, LBFGS-defaults)",500,500,9500,6,67.6465835571289,0.21202445030212402,16,16,0,3,CONVERGENCE: RELATIVE REDUCTION OF F <= FACTR*EPSMCH,74.0,4.289984226226807,0.9041507782600896,0.8923157894736842,0.07997228414088116
TabPFN Classifier (v2.5 default),500,500,9500,6,0.19948339462280273,3.366093397140503,1,1,0,0,,,0.05904650542560473,,0.8936842105263157,0.07539388979873882
TabPFN Classifier (v2 compatibility),500,500,9500,6,0.11830663681030273,3.1688027381896973,1,1,0,0,,,0.0391044184613551,,0.9006315789473684,0.07097915377216232
"GP+ GPClassifier (RBF, ARD, LBFGS-defaults)",50,500,9500,7,9.344261407852173,0.0057599544525146484,16,16,0,3,CONVERGENCE: RELATIVE REDUCTION OF F <= FACTR*EPSMCH,217.0,4.272867679595947,0.39022205644783037,0.6801052631578948,0.28329515471882544
"GP+ GPClassifier (Matern, nu=0.5, ARD, LBFGS-defaults)",50,500,9500,7,2.978680372238159,0.00603485107421875,16,16,0,2,CONVERGENCE: RELATIVE REDUCTION OF F <= FACTR*EPSMCH,47.0,4.359404563903809,0.3137050201912538,0.7185263157894737,0.23724272581067885
"GP+ GPClassifier (PowerExp, p=learned, LBFGS-defaults)",50,500,9500,7,7.521471261978149,0.01566767692565918,16,16,0,13,CONVERGENCE: RELATIVE REDUCTION OF F <= FACTR*EPSMCH,115.0,4.272975921630859,0.3412040916559722,0.6798947368421052,0.2836522183222741
TabPFN Classifier (v2.5 default),50,500,9500,7,0.12097501754760742,2.7989232540130615,1,1,0,0,,,0.10412755252511749,,0.7608421052631579,0.16383746125076365
TabPFN Classifier (v2 compatibility),50,500,9500,7,0.11246657371520996,2.5071325302124023,1,1,0,0,,,0.11394265727754424,,0.7884210526315789,0.1462177606106414
"GP+ GPClassifier (RBF, ARD, LBFGS-defaults)",100,500,9500,7,6.520020961761475,0.00981903076171875,16,16,0,15,CONVERGENCE: RELATIVE REDUCTION OF F <= FACTR*EPSMCH,96.0,4.4122161865234375,0.6345385484058891,0.7852631578947369,0.17408021155250944
"GP+ GPClassifier (Matern, nu=0.5, ARD, LBFGS-defaults)",100,500,9500,7,3.7561686038970947,0.011766672134399414,16,16,0,11,CONVERGENCE: RELATIVE REDUCTION OF F <= FACTR*EPSMCH,46.0,4.381757736206055,0.6370966216660927,0.8044210526315789,0.15230846721976232
"GP+ GPClassifier (PowerExp, p=learned, LBFGS-defaults)",100,500,9500,7,7.273501873016357,0.03180241584777832,16,16,0,7,CONVERGENCE: RELATIVE REDUCTION OF F <= FACTR*EPSMCH,69.0,4.412001609802246,0.5978156597823134,0.785578947368421,0.17382641274953325
TabPFN Classifier (v2.5 default),100,500,9500,7,0.13650774955749512,2.8244287967681885,1,1,0,0,,,0.09209798634820959,,0.8014736842105263,0.13673062120035057
TabPFN Classifier (v2 compatibility),100,500,9500,7,0.10002255439758301,2.5040905475616455,1,1,0,0,,,0.10935843879519844,,0.8127368421052632,0.133800139250919
"GP+ GPClassifier (RBF, ARD, LBFGS-defaults)",300,500,9500,7,7.743775129318237,0.02392745018005371,16,16,0,6,CONVERGENCE: RELATIVE REDUCTION OF F <= FACTR*EPSMCH,70.0,4.359104633331299,0.8414329279892669,0.8572631578947368,0.10899763458568654
"GP+ GPClassifier (Matern, nu=0.5, ARD, LBFGS-defaults)",300,500,9500,7,6.3007972240448,0.03571629524230957,16,16,0,7,CONVERGENCE: RELATIVE REDUCTION OF F <= FACTR*EPSMCH,41.0,4.23175573348999,0.8344731173639599,0.8845263157894737,0.08484496880094246
"GP+ GPClassifier (PowerExp, p=learned, LBFGS-defaults)",300,500,9500,7,29.850499391555786,0.12504959106445312,16,16,0,0,CONVERGENCE: RELATIVE REDUCTION OF F <= FACTR*EPSMCH,74.0,4.26302433013916,0.8242507339522431,0.8729473684210526,0.09478236828552182
TabPFN Classifier (v2.5 default),300,500,9500,7,0.6398289203643799,3.018549919128418,1,1,0,0,,,0.0714828894655066,,0.8642105263157894,0.09544082714157617
TabPFN Classifier (v2 compatibility),300,500,9500,7,0.10451889038085938,2.8263769149780273,1,1,0,0,,,0.07431651515444043,,0.8601052631578947,0.09984887032628938
"GP+ GPClassifier (RBF, ARD, LBFGS-defaults)",500,500,9500,7,19.376689910888672,0.04777264595031738,16,16,0,9,CONVERGENCE: RELATIVE REDUCTION OF F <= FACTR*EPSMCH,115.0,4.344841003417969,0.8987326778516589,0.8561052631578947,0.10898048218791236
"GP+ GPClassifier (Matern, nu=0.5, ARD, LBFGS-defaults)",500,500,9500,7,10.45232105255127,0.05847454071044922,16,16,0,11,CONVERGENCE: RELATIVE REDUCTION OF F <= FACTR*EPSMCH,29.0,4.208717346191406,0.9115706774485046,0.8962105263157895,0.07410071142146911
"GP+ GPClassifier (PowerExp, p=learned, LBFGS-defaults)",500,500,9500,7,70.29366970062256,0.20296311378479004,16,16,0,4,CONVERGENCE: RELATIVE REDUCTION OF F <= FACTR*EPSMCH,90.0,4.27935791015625,0.8981012802741528,0.8753684210526316,0.09098420184338725
TabPFN Classifier (v2.5 default),500,500,9500,7,0.17913103103637695,3.384739637374878,1,1,0,0,,,0.06957404375489698,,0.8852631578947369,0.07990488981345455
TabPFN Classifier (v2 compatibility),500,500,9500,7,0.12058687210083008,3.194371461868286,1,1,0,0,,,0.0567463019300695,,0.8923157894736842,0.07695842225571098
"GP+ GPClassifier (RBF, ARD, LBFGS-defaults)",50,500,9500,8,5.691241979598999,0.0,16,16,0,6,CONVERGENCE: RELATIVE REDUCTION OF F <= FACTR*EPSMCH,162.0,4.6477460861206055,0.24839540528100246,0.696,0.25855079688377086
"GP+ GPClassifier (Matern, nu=0.5, ARD, LBFGS-defaults)",50,500,9500,8,2.3827409744262695,0.006017446517944336,16,16,0,11,CONVERGENCE: RELATIVE REDUCTION OF F <= FACTR*EPSMCH,52.0,4.698320388793945,0.20012718660474516,0.7041052631578948,0.23953454937114768
"GP+ GPClassifier (PowerExp, p=learned, LBFGS-defaults)",50,500,9500,8,6.457944631576538,0.03181958198547363,16,16,0,1,CONVERGENCE: RELATIVE REDUCTION OF F <= FACTR*EPSMCH,78.0,4.629613876342773,0.3572404213120314,0.7081052631578947,0.24372534925301184
TabPFN Classifier (v2.5 default),50,500,9500,8,0.11029243469238281,2.7688496112823486,1,1,0,0,,,0.18791731669756587,,0.7377894736842106,0.17307962082001593
TabPFN Classifier (v2 compatibility),50,500,9500,8,0.1057126522064209,2.4780633449554443,1,1,0,0,,,0.24738069286457698,,0.7742105263157895,0.1525168082767638
"GP+ GPClassifier (RBF, ARD, LBFGS-defaults)",100,500,9500,8,6.444978475570679,0.00801849365234375,16,16,0,15,CONVERGENCE: RELATIVE REDUCTION OF F <= FACTR*EPSMCH,136.0,4.693060874938965,0.6506938691165455,0.8141052631578948,0.14366550919905177
"GP+ GPClassifier (Matern, nu=0.5, ARD, LBFGS-defaults)",100,500,9500,8,3.7431511878967285,0.011778593063354492,16,16,0,4,CONVERGENCE: RELATIVE REDUCTION OF F <= FACTR*EPSMCH,31.0,4.673953533172607,0.6172869762612503,0.8329473684210527,0.1261142879964628
"GP+ GPClassifier (PowerExp, p=learned, LBFGS-defaults)",100,500,9500,8,7.091114521026611,0.039664506912231445,16,16,0,5,CONVERGENCE: RELATIVE REDUCTION OF F <= FACTR*EPSMCH,87.0,4.703365325927734,0.6225525758058545,0.8309473684210527,0.1262214760735937
TabPFN Classifier (v2.5 default),100,500,9500,8,0.12386631965637207,2.839670181274414,1,1,0,0,,,0.20518779446848104,,0.8173684210526316,0.12732248146064687
TabPFN Classifier (v2 compatibility),100,500,9500,8,0.10412240028381348,2.538841485977173,1,1,0,0,,,0.2534521632759891,,0.8226315789473684,0.12359517313751558
"GP+ GPClassifier (RBF, ARD, LBFGS-defaults)",300,500,9500,8,8.597393274307251,0.023697376251220703,16,16,0,1,CONVERGENCE: RELATIVE REDUCTION OF F <= FACTR*EPSMCH,98.0,4.5174102783203125,0.8555867185080188,0.8370526315789474,0.12452098255440791
"GP+ GPClassifier (Matern, nu=0.5, ARD, LBFGS-defaults)",300,500,9500,8,5.78780460357666,0.032004594802856445,16,16,0,14,CONVERGENCE: RELATIVE REDUCTION OF F <= FACTR*EPSMCH,31.0,4.4276299476623535,0.8848704599962498,0.8991578947368422,0.07124195458380855
"GP+ GPClassifier (PowerExp, p=learned, LBFGS-defaults)",300,500,9500,8,28.287034034729004,0.13666772842407227,16,16,0,7,CONVERGENCE: RELATIVE REDUCTION OF F <= FACTR*EPSMCH,83.0,4.467002868652344,0.8601339747426354,0.879578947368421,0.08836153465622781
TabPFN Classifier (v2.5 default),300,500,9500,8,0.1456620693206787,3.0586743354797363,1,1,0,0,,,0.12821197950943264,,0.8622105263157894,0.09490985173183406
TabPFN Classifier (v2 compatibility),300,500,9500,8,0.1063241958618164,2.790444850921631,1,1,0,0,,,0.11782009743147871,,0.8621052631578947,0.09507618397063686
"GP+ GPClassifier (RBF, ARD, LBFGS-defaults)",500,500,9500,8,15.688419818878174,0.057860612869262695,16,16,0,14,CONVERGENCE: RELATIVE REDUCTION OF F <= FACTR*EPSMCH,88.0,4.377943992614746,0.9032122359126941,0.8685263157894737,0.09907689567532431
"GP+ GPClassifier (Matern, nu=0.5, ARD, LBFGS-defaults)",500,500,9500,8,12.038932085037231,0.06897425651550293,16,16,0,4,ABNORMAL: ,28.0,4.266839981079102,0.8648687436783307,0.9109473684210526,0.06431591345514255
"GP+ GPClassifier (PowerExp, p=learned, LBFGS-defaults)",500,500,9500,8,70.18420267105103,0.20748639106750488,16,16,0,1,CONVERGENCE: RELATIVE REDUCTION OF F <= FACTR*EPSMCH,86.0,4.310792446136475,0.8947154323633038,0.8951578947368422,0.07761939604679613
TabPFN Classifier (v2.5 default),500,500,9500,8,0.8470921516418457,3.363190174102783,1,1,0,0,,,0.06401727388963047,,0.8987368421052632,0.07227352096165587
TabPFN Classifier (v2 compatibility),500,500,9500,8,0.12105226516723633,3.1539793014526367,1,1,0,0,,,0.03392788554167576,,0.9052631578947369,0.06692492480009513
"GP+ GPClassifier (RBF, ARD, LBFGS-defaults)",50,500,9500,9,7.5729310512542725,0.01604771614074707,16,16,0,1,CONVERGENCE: RELATIVE REDUCTION OF F <= FACTR*EPSMCH,160.0,4.6732025146484375,0.277202166667176,0.6917894736842105,0.25503541591364015
"GP+ GPClassifier (Matern, nu=0.5, ARD, LBFGS-defaults)",50,500,9500,9,2.0928447246551514,0.012512683868408203,16,16,0,10,CONVERGENCE: RELATIVE REDUCTION OF F <= FACTR*EPSMCH,41.0,4.76741361618042,0.3339334076851169,0.6853684210526316,0.26028549214292396
"GP+ GPClassifier (PowerExp, p=learned, LBFGS-defaults)",50,500,9500,9,7.685324430465698,0.031357526779174805,16,16,0,5,CONVERGENCE: RELATIVE REDUCTION OF F <= FACTR*EPSMCH,89.0,4.545534133911133,0.31523472833858185,0.6346315789473684,0.3171488282375266
TabPFN Classifier (v2.5 default),50,500,9500,9,0.12193703651428223,2.7465250492095947,1,1,0,0,,,0.20812475845222816,,0.7036842105263158,0.19310202947944619
TabPFN Classifier (v2 compatibility),50,500,9500,9,0.09484291076660156,2.4640259742736816,1,1,0,0,,,0.2758057751405021,,0.7183157894736842,0.17442549957117157
"GP+ GPClassifier (RBF, ARD, LBFGS-defaults)",100,500,9500,9,5.188445329666138,0.01003718376159668,16,16,0,4,CONVERGENCE: RELATIVE REDUCTION OF F <= FACTR*EPSMCH,105.0,4.57746696472168,0.5798572820995967,0.7378947368421053,0.21753495379193172
"GP+ GPClassifier (Matern, nu=0.5, ARD, LBFGS-defaults)",100,500,9500,9,4.266906023025513,0.010051488876342773,16,16,0,7,CONVERGENCE: RELATIVE REDUCTION OF F <= FACTR*EPSMCH,42.0,4.6693902015686035,0.5807705689988385,0.7724210526315789,0.17672036594166796
"GP+ GPClassifier (PowerExp, p=learned, LBFGS-defaults)",100,500,9500,9,8.464072465896606,0.03967761993408203,16,16,0,10,CONVERGENCE: RELATIVE REDUCTION OF F <= FACTR*EPSMCH,95.0,4.577220439910889,0.5453036981825659,0.7396842105263158,0.21579736284231762
TabPFN Classifier (v2.5 default),100,500,9500,9,0.12225723266601562,2.8191118240356445,1,1,0,0,,,0.17230417587363828,,0.7946315789473685,0.13955096878557918
TabPFN Classifier (v2 compatibility),100,500,9500,9,0.11150503158569336,2.5296106338500977,1,1,0,0,,,0.19814511067911858,,0.8303157894736842,0.12344615664130808
"GP+ GPClassifier (RBF, ARD, LBFGS-defaults)",300,500,9500,9,10.284799098968506,0.024164438247680664,16,16,0,0,CONVERGENCE: RELATIVE REDUCTION OF F <= FACTR*EPSMCH,93.0,4.598395347595215,0.8381250751306858,0.826,0.13104603846469634
"GP+ GPClassifier (Matern, nu=0.5, ARD, LBFGS-defaults)",300,500,9500,9,6.064441919326782,0.04566359519958496,16,16,0,15,ABNORMAL: ,32.0,4.460470199584961,0.7832685385354545,0.9090526315789473,0.06558389538485593
"GP+ GPClassifier (PowerExp, p=learned, LBFGS-defaults)",300,500,9500,9,30.521453142166138,0.14099502563476562,16,16,0,10,CONVERGENCE: RELATIVE REDUCTION OF F <= FACTR*EPSMCH,74.0,4.482226371765137,0.8129846941630647,0.8826315789473684,0.08531250536606041
TabPFN Classifier (v2.5 default),300,500,9500,9,0.17486333847045898,3.2649214267730713,1,1,0,0,,,0.09591630935992623,,0.8867368421052632,0.08133246328993861
TabPFN Classifier (v2 compatibility),300,500,9500,9,0.11411499977111816,2.923377513885498,1,1,0,0,,,0.08337090987461646,,0.8861052631578947,0.07975893837046996
"GP+ GPClassifier (RBF, ARD, LBFGS-defaults)",500,500,9500,9,8.910496950149536,0.05123734474182129,16,16,0,0,CONVERGENCE: RELATIVE REDUCTION OF F <= FACTR*EPSMCH,39.0,4.408075332641602,0.8976649270884572,0.8913684210526316,0.08039321017980465
"GP+ GPClassifier (Matern, nu=0.5, ARD, LBFGS-defaults)",500,500,9500,9,11.386551141738892,0.07473230361938477,16,16,0,1,ABNORMAL: ,36.0,4.281878471374512,0.933132300049218,0.9253684210526316,0.05440306216304933
"GP+ GPClassifier (PowerExp, p=learned, LBFGS-defaults)",500,500,9500,9,85.12280607223511,0.2353503704071045,16,16,0,12,CONVERGENCE: RELATIVE REDUCTION OF F <= FACTR*EPSMCH,80.0,4.320378303527832,0.896250895933379,0.8973684210526316,0.07334202898736114
TabPFN Classifier (v2.5 default),500,500,9500,9,0.21144843101501465,3.4134716987609863,1,1,0,0,,,0.04096288864351454,,0.8973684210526316,0.0728692120522862
TabPFN Classifier (v2 compatibility),500,500,9500,9,0.10684704780578613,3.202512264251709,1,1,0,0,,,0.023794618803368403,,0.9069473684210526,0.06816648585447972
